id,movie,rank
3292879998,The Phantom Menace,3
3292879998,Attack of the Clones,2
3292879998,Revenge of the Sith,1
3292879998,A New Hope,4
3292879998,The Empire Strikes Back,5
3292879998,Return of the Jedi,6
3292763116,The Phantom Menace,5
3292763116,Attack of the Clones,6
3292763116,Revenge of the Sith,1
3292763116,A New Hope,2
3292763116,The Empire Strikes Back,4
3292763116,Return of the Jedi,3
3292731220,The Phantom Menace,5
3292731220,Attack of the Clones,4
3292731220,Revenge of the Sith,6
3292731220,A New Hope,2
3292731220,The Empire Strikes Back,1
3292731220,Return of the Jedi,3
3292719380,The Phantom Menace,1
3292719380,Attack of the Clones,4
3292719380,Revenge of the Sith,3
3292719380,A New Hope,6
3292719380,The Empire Strikes Back,5
3292719380,Return of the Jedi,2
3292684787,The Phantom Menace,6
3292684787,Attack of the Clones,5
3292684787,Revenge of the Sith,4
3292684787,A New Hope,3
3292684787,The Empire Strikes Back,1
3292684787,Return of the Jedi,2
3292663732,The Phantom Menace,4
3292663732,Attack of the Clones,5
3292663732,Revenge of the Sith,6
3292663732,A New Hope,3
3292663732,The Empire Strikes Back,2
3292663732,Return of the Jedi,1
3292654043,The Phantom Menace,5
3292654043,Attack of the Clones,4
3292654043,Revenge of the Sith,6
3292654043,A New Hope,2
3292654043,The Empire Strikes Back,1
3292654043,Return of the Jedi,3
3292609214,The Phantom Menace,3
3292609214,Attack of the Clones,4
3292609214,Revenge of the Sith,5
3292609214,A New Hope,6
3292609214,The Empire Strikes Back,1
3292609214,Return of the Jedi,2
3292596911,The Phantom Menace,4
3292596911,Attack of the Clones,5
3292596911,Revenge of the Sith,6
3292596911,A New Hope,2
3292596911,The Empire Strikes Back,3
3292596911,Return of the Jedi,1
3292587240,The Phantom Menace,4
3292587240,Attack of the Clones,2
3292587240,Revenge of the Sith,5
3292587240,A New Hope,3
3292587240,The Empire Strikes Back,1
3292587240,Return of the Jedi,6
3292583038,The Phantom Menace,4
3292583038,Attack of the Clones,6
3292583038,Revenge of the Sith,5
3292583038,A New Hope,3
3292583038,The Empire Strikes Back,1
3292583038,Return of the Jedi,2
3292565282,The Phantom Menace,6
3292565282,Attack of the Clones,5
3292565282,Revenge of the Sith,2
3292565282,A New Hope,3
3292565282,The Empire Strikes Back,1
3292565282,Return of the Jedi,4
3292562297,The Phantom Menace,6
3292562297,Attack of the Clones,5
3292562297,Revenge of the Sith,1
3292562297,A New Hope,4
3292562297,The Empire Strikes Back,3
3292562297,Return of the Jedi,2
3292522349,The Phantom Menace,6
3292522349,Attack of the Clones,5
3292522349,Revenge of the Sith,4
3292522349,A New Hope,1
3292522349,The Empire Strikes Back,2
3292522349,Return of the Jedi,3
3292511801,The Phantom Menace,6
3292511801,Attack of the Clones,5
3292511801,Revenge of the Sith,4
3292511801,A New Hope,3
3292511801,The Empire Strikes Back,1
3292511801,Return of the Jedi,2
3292483200,The Phantom Menace,6
3292483200,Attack of the Clones,1
3292483200,Revenge of the Sith,4
3292483200,A New Hope,2
3292483200,The Empire Strikes Back,3
3292483200,Return of the Jedi,5
3292465491,The Phantom Menace,1
3292465491,Attack of the Clones,2
3292465491,Revenge of the Sith,6
3292465491,A New Hope,3
3292465491,The Empire Strikes Back,4
3292465491,Return of the Jedi,5
3292420123,The Phantom Menace,4
3292420123,Attack of the Clones,6
3292420123,Revenge of the Sith,5
3292420123,A New Hope,2
3292420123,The Empire Strikes Back,3
3292420123,Return of the Jedi,1
3292384040,The Phantom Menace,6
3292384040,Attack of the Clones,5
3292384040,Revenge of the Sith,4
3292384040,A New Hope,2
3292384040,The Empire Strikes Back,3
3292384040,Return of the Jedi,1
3292380493,The Phantom Menace,6
3292380493,Attack of the Clones,5
3292380493,Revenge of the Sith,4
3292380493,A New Hope,2
3292380493,The Empire Strikes Back,1
3292380493,Return of the Jedi,3
3292376985,The Phantom Menace,4
3292376985,Attack of the Clones,6
3292376985,Revenge of the Sith,5
3292376985,A New Hope,2
3292376985,The Empire Strikes Back,1
3292376985,Return of the Jedi,3
3292366792,The Phantom Menace,4
3292366792,Attack of the Clones,3
3292366792,Revenge of the Sith,5
3292366792,A New Hope,6
3292366792,The Empire Strikes Back,2
3292366792,Return of the Jedi,1
3292339379,The Phantom Menace,6
3292339379,Attack of the Clones,5
3292339379,Revenge of the Sith,4
3292339379,A New Hope,2
3292339379,The Empire Strikes Back,1
3292339379,Return of the Jedi,3
3292330840,The Phantom Menace,6
3292330840,Attack of the Clones,1
3292330840,Revenge of the Sith,2
3292330840,A New Hope,3
3292330840,The Empire Strikes Back,4
3292330840,Return of the Jedi,5
3292290677,The Phantom Menace,6
3292290677,Attack of the Clones,3
3292290677,Revenge of the Sith,4
3292290677,A New Hope,1
3292290677,The Empire Strikes Back,2
3292290677,Return of the Jedi,5
3292281095,The Phantom Menace,3
3292281095,Attack of the Clones,2
3292281095,Revenge of the Sith,1
3292281095,A New Hope,4
3292281095,The Empire Strikes Back,6
3292281095,Return of the Jedi,5
3292279889,The Phantom Menace,2
3292279889,Attack of the Clones,4
3292279889,Revenge of the Sith,5
3292279889,A New Hope,1
3292279889,The Empire Strikes Back,6
3292279889,Return of the Jedi,3
3292264069,The Phantom Menace,6
3292264069,Attack of the Clones,3
3292264069,Revenge of the Sith,5
3292264069,A New Hope,1
3292264069,The Empire Strikes Back,4
3292264069,Return of the Jedi,2
3292257520,The Phantom Menace,4
3292257520,Attack of the Clones,5
3292257520,Revenge of the Sith,6
3292257520,A New Hope,3
3292257520,The Empire Strikes Back,2
3292257520,Return of the Jedi,1
3292249492,The Phantom Menace,5
3292249492,Attack of the Clones,6
3292249492,Revenge of the Sith,2
3292249492,A New Hope,3
3292249492,The Empire Strikes Back,4
3292249492,Return of the Jedi,1
3292222729,The Phantom Menace,6
3292222729,Attack of the Clones,5
3292222729,Revenge of the Sith,4
3292222729,A New Hope,2
3292222729,The Empire Strikes Back,1
3292222729,Return of the Jedi,3
3292221635,The Phantom Menace,5
3292221635,Attack of the Clones,6
3292221635,Revenge of the Sith,4
3292221635,A New Hope,2
3292221635,The Empire Strikes Back,1
3292221635,Return of the Jedi,3
3292218251,The Phantom Menace,6
3292218251,Attack of the Clones,5
3292218251,Revenge of the Sith,4
3292218251,A New Hope,2
3292218251,The Empire Strikes Back,1
3292218251,Return of the Jedi,3
3292214307,The Phantom Menace,5
3292214307,Attack of the Clones,6
3292214307,Revenge of the Sith,4
3292214307,A New Hope,3
3292214307,The Empire Strikes Back,2
3292214307,Return of the Jedi,1
3292210606,The Phantom Menace,6
3292210606,Attack of the Clones,5
3292210606,Revenge of the Sith,4
3292210606,A New Hope,2
3292210606,The Empire Strikes Back,1
3292210606,Return of the Jedi,3
3292189580,The Phantom Menace,5
3292189580,Attack of the Clones,4
3292189580,Revenge of the Sith,6
3292189580,A New Hope,3
3292189580,The Empire Strikes Back,1
3292189580,Return of the Jedi,2
3292187343,The Phantom Menace,6
3292187343,Attack of the Clones,5
3292187343,Revenge of the Sith,4
3292187343,A New Hope,1
3292187343,The Empire Strikes Back,2
3292187343,Return of the Jedi,3
3292176862,The Phantom Menace,6
3292176862,Attack of the Clones,4
3292176862,Revenge of the Sith,5
3292176862,A New Hope,3
3292176862,The Empire Strikes Back,1
3292176862,Return of the Jedi,2
3292173922,The Phantom Menace,4
3292173922,Attack of the Clones,5
3292173922,Revenge of the Sith,1
3292173922,A New Hope,6
3292173922,The Empire Strikes Back,2
3292173922,Return of the Jedi,3
3292167131,The Phantom Menace,5
3292167131,Attack of the Clones,6
3292167131,Revenge of the Sith,4
3292167131,A New Hope,2
3292167131,The Empire Strikes Back,1
3292167131,Return of the Jedi,3
3292162057,The Phantom Menace,6
3292162057,Attack of the Clones,5
3292162057,Revenge of the Sith,4
3292162057,A New Hope,2
3292162057,The Empire Strikes Back,1
3292162057,Return of the Jedi,3
3292156614,The Phantom Menace,4
3292156614,Attack of the Clones,6
3292156614,Revenge of the Sith,5
3292156614,A New Hope,2
3292156614,The Empire Strikes Back,1
3292156614,Return of the Jedi,3
3292148570,The Phantom Menace,6
3292148570,Attack of the Clones,4
3292148570,Revenge of the Sith,5
3292148570,A New Hope,3
3292148570,The Empire Strikes Back,1
3292148570,Return of the Jedi,2
3292144665,The Phantom Menace,6
3292144665,Attack of the Clones,4
3292144665,Revenge of the Sith,5
3292144665,A New Hope,3
3292144665,The Empire Strikes Back,1
3292144665,Return of the Jedi,2
3292131636,The Phantom Menace,5
3292131636,Attack of the Clones,6
3292131636,Revenge of the Sith,2
3292131636,A New Hope,3
3292131636,The Empire Strikes Back,1
3292131636,Return of the Jedi,4
3292120160,The Phantom Menace,4
3292120160,Attack of the Clones,5
3292120160,Revenge of the Sith,6
3292120160,A New Hope,2
3292120160,The Empire Strikes Back,1
3292120160,Return of the Jedi,3
3292103680,The Phantom Menace,6
3292103680,Attack of the Clones,5
3292103680,Revenge of the Sith,4
3292103680,A New Hope,2
3292103680,The Empire Strikes Back,1
3292103680,Return of the Jedi,3
3292050153,The Phantom Menace,1
3292050153,Attack of the Clones,2
3292050153,Revenge of the Sith,3
3292050153,A New Hope,4
3292050153,The Empire Strikes Back,5
3292050153,Return of the Jedi,6
3292041365,The Phantom Menace,6
3292041365,Attack of the Clones,5
3292041365,Revenge of the Sith,4
3292041365,A New Hope,2
3292041365,The Empire Strikes Back,1
3292041365,Return of the Jedi,3
3292033243,The Phantom Menace,6
3292033243,Attack of the Clones,1
3292033243,Revenge of the Sith,5
3292033243,A New Hope,3
3292033243,The Empire Strikes Back,4
3292033243,Return of the Jedi,2
3292031637,The Phantom Menace,6
3292031637,Attack of the Clones,5
3292031637,Revenge of the Sith,2
3292031637,A New Hope,4
3292031637,The Empire Strikes Back,3
3292031637,Return of the Jedi,1
3292008762,The Phantom Menace,5
3292008762,Attack of the Clones,6
3292008762,Revenge of the Sith,4
3292008762,A New Hope,2
3292008762,The Empire Strikes Back,1
3292008762,Return of the Jedi,3
3291992352,The Phantom Menace,4
3291992352,Attack of the Clones,5
3291992352,Revenge of the Sith,3
3291992352,A New Hope,6
3291992352,The Empire Strikes Back,2
3291992352,Return of the Jedi,1
3291945498,The Phantom Menace,6
3291945498,Attack of the Clones,4
3291945498,Revenge of the Sith,5
3291945498,A New Hope,2
3291945498,The Empire Strikes Back,1
3291945498,Return of the Jedi,3
3291940517,The Phantom Menace,6
3291940517,Attack of the Clones,5
3291940517,Revenge of the Sith,4
3291940517,A New Hope,3
3291940517,The Empire Strikes Back,2
3291940517,Return of the Jedi,1
3291871486,The Phantom Menace,5
3291871486,Attack of the Clones,6
3291871486,Revenge of the Sith,2
3291871486,A New Hope,4
3291871486,The Empire Strikes Back,1
3291871486,Return of the Jedi,3
3291778150,The Phantom Menace,4
3291778150,Attack of the Clones,5
3291778150,Revenge of the Sith,6
3291778150,A New Hope,1
3291778150,The Empire Strikes Back,2
3291778150,Return of the Jedi,3
3291766314,The Phantom Menace,4
3291766314,Attack of the Clones,5
3291766314,Revenge of the Sith,6
3291766314,A New Hope,2
3291766314,The Empire Strikes Back,3
3291766314,Return of the Jedi,1
3291762799,The Phantom Menace,3
3291762799,Attack of the Clones,4
3291762799,Revenge of the Sith,5
3291762799,A New Hope,6
3291762799,The Empire Strikes Back,1
3291762799,Return of the Jedi,2
3291701619,The Phantom Menace,6
3291701619,Attack of the Clones,5
3291701619,Revenge of the Sith,2
3291701619,A New Hope,3
3291701619,The Empire Strikes Back,4
3291701619,Return of the Jedi,1
3291684768,The Phantom Menace,6
3291684768,Attack of the Clones,5
3291684768,Revenge of the Sith,4
3291684768,A New Hope,1
3291684768,The Empire Strikes Back,2
3291684768,Return of the Jedi,3
3291658046,The Phantom Menace,6
3291658046,Attack of the Clones,4
3291658046,Revenge of the Sith,5
3291658046,A New Hope,1
3291658046,The Empire Strikes Back,2
3291658046,Return of the Jedi,3
3291654919,The Phantom Menace,6
3291654919,Attack of the Clones,5
3291654919,Revenge of the Sith,4
3291654919,A New Hope,2
3291654919,The Empire Strikes Back,3
3291654919,Return of the Jedi,1
3291650311,The Phantom Menace,6
3291650311,Attack of the Clones,5
3291650311,Revenge of the Sith,3
3291650311,A New Hope,2
3291650311,The Empire Strikes Back,1
3291650311,Return of the Jedi,4
3291602842,The Phantom Menace,1
3291602842,Attack of the Clones,2
3291602842,Revenge of the Sith,3
3291602842,A New Hope,4
3291602842,The Empire Strikes Back,5
3291602842,Return of the Jedi,6
3291588139,The Phantom Menace,1
3291588139,Attack of the Clones,4
3291588139,Revenge of the Sith,5
3291588139,A New Hope,2
3291588139,The Empire Strikes Back,3
3291588139,Return of the Jedi,6
3291548852,The Phantom Menace,6
3291548852,Attack of the Clones,5
3291548852,Revenge of the Sith,4
3291548852,A New Hope,1
3291548852,The Empire Strikes Back,3
3291548852,Return of the Jedi,2
3291529925,The Phantom Menace,3
3291529925,Attack of the Clones,5
3291529925,Revenge of the Sith,6
3291529925,A New Hope,2
3291529925,The Empire Strikes Back,1
3291529925,Return of the Jedi,4
3291497337,The Phantom Menace,6
3291497337,Attack of the Clones,5
3291497337,Revenge of the Sith,4
3291497337,A New Hope,1
3291497337,The Empire Strikes Back,3
3291497337,Return of the Jedi,2
3291482197,The Phantom Menace,5
3291482197,Attack of the Clones,3
3291482197,Revenge of the Sith,4
3291482197,A New Hope,6
3291482197,The Empire Strikes Back,2
3291482197,Return of the Jedi,1
3291446275,The Phantom Menace,3
3291446275,Attack of the Clones,5
3291446275,Revenge of the Sith,6
3291446275,A New Hope,2
3291446275,The Empire Strikes Back,4
3291446275,Return of the Jedi,1
3291437345,The Phantom Menace,4
3291437345,Attack of the Clones,5
3291437345,Revenge of the Sith,2
3291437345,A New Hope,1
3291437345,The Empire Strikes Back,3
3291437345,Return of the Jedi,6
3291431939,The Phantom Menace,3
3291431939,Attack of the Clones,6
3291431939,Revenge of the Sith,4
3291431939,A New Hope,1
3291431939,The Empire Strikes Back,2
3291431939,Return of the Jedi,5
3291425110,The Phantom Menace,6
3291425110,Attack of the Clones,4
3291425110,Revenge of the Sith,5
3291425110,A New Hope,1
3291425110,The Empire Strikes Back,2
3291425110,Return of the Jedi,3
3291424127,The Phantom Menace,4
3291424127,Attack of the Clones,5
3291424127,Revenge of the Sith,6
3291424127,A New Hope,3
3291424127,The Empire Strikes Back,2
3291424127,Return of the Jedi,1
3291401326,The Phantom Menace,2
3291401326,Attack of the Clones,3
3291401326,Revenge of the Sith,4
3291401326,A New Hope,1
3291401326,The Empire Strikes Back,5
3291401326,Return of the Jedi,6
3291395512,The Phantom Menace,6
3291395512,Attack of the Clones,5
3291395512,Revenge of the Sith,4
3291395512,A New Hope,2
3291395512,The Empire Strikes Back,3
3291395512,Return of the Jedi,1
3291364062,The Phantom Menace,4
3291364062,Attack of the Clones,3
3291364062,Revenge of the Sith,6
3291364062,A New Hope,2
3291364062,The Empire Strikes Back,5
3291364062,Return of the Jedi,1
3291345427,The Phantom Menace,4
3291345427,Attack of the Clones,5
3291345427,Revenge of the Sith,6
3291345427,A New Hope,1
3291345427,The Empire Strikes Back,2
3291345427,Return of the Jedi,3
3291330710,The Phantom Menace,6
3291330710,Attack of the Clones,5
3291330710,Revenge of the Sith,4
3291330710,A New Hope,2
3291330710,The Empire Strikes Back,3
3291330710,Return of the Jedi,1
3291320154,The Phantom Menace,4
3291320154,Attack of the Clones,5
3291320154,Revenge of the Sith,6
3291320154,A New Hope,2
3291320154,The Empire Strikes Back,3
3291320154,Return of the Jedi,1
3291262515,The Phantom Menace,4
3291262515,Attack of the Clones,5
3291262515,Revenge of the Sith,6
3291262515,A New Hope,3
3291262515,The Empire Strikes Back,1
3291262515,Return of the Jedi,2
3291233218,The Phantom Menace,4
3291233218,Attack of the Clones,3
3291233218,Revenge of the Sith,5
3291233218,A New Hope,6
3291233218,The Empire Strikes Back,1
3291233218,Return of the Jedi,2
3291206864,The Phantom Menace,3
3291206864,Attack of the Clones,1
3291206864,Revenge of the Sith,2
3291206864,A New Hope,4
3291206864,The Empire Strikes Back,5
3291206864,Return of the Jedi,6
3291184745,The Phantom Menace,4
3291184745,Attack of the Clones,5
3291184745,Revenge of the Sith,6
3291184745,A New Hope,2
3291184745,The Empire Strikes Back,1
3291184745,Return of the Jedi,3
3291181010,The Phantom Menace,6
3291181010,Attack of the Clones,5
3291181010,Revenge of the Sith,4
3291181010,A New Hope,3
3291181010,The Empire Strikes Back,1
3291181010,Return of the Jedi,2
3291141478,The Phantom Menace,1
3291141478,Attack of the Clones,2
3291141478,Revenge of the Sith,3
3291141478,A New Hope,6
3291141478,The Empire Strikes Back,5
3291141478,Return of the Jedi,4
3291119656,The Phantom Menace,3
3291119656,Attack of the Clones,1
3291119656,Revenge of the Sith,2
3291119656,A New Hope,4
3291119656,The Empire Strikes Back,5
3291119656,Return of the Jedi,6
3291101925,The Phantom Menace,6
3291101925,Attack of the Clones,4
3291101925,Revenge of the Sith,2
3291101925,A New Hope,5
3291101925,The Empire Strikes Back,3
3291101925,Return of the Jedi,1
3291077381,The Phantom Menace,5
3291077381,Attack of the Clones,6
3291077381,Revenge of the Sith,4
3291077381,A New Hope,2
3291077381,The Empire Strikes Back,1
3291077381,Return of the Jedi,3
3291075212,The Phantom Menace,6
3291075212,Attack of the Clones,5
3291075212,Revenge of the Sith,4
3291075212,A New Hope,2
3291075212,The Empire Strikes Back,1
3291075212,Return of the Jedi,3
3291063226,The Phantom Menace,5
3291063226,Attack of the Clones,6
3291063226,Revenge of the Sith,4
3291063226,A New Hope,1
3291063226,The Empire Strikes Back,2
3291063226,Return of the Jedi,3
3291056296,The Phantom Menace,5
3291056296,Attack of the Clones,6
3291056296,Revenge of the Sith,4
3291056296,A New Hope,1
3291056296,The Empire Strikes Back,2
3291056296,Return of the Jedi,3
3291052728,The Phantom Menace,5
3291052728,Attack of the Clones,6
3291052728,Revenge of the Sith,4
3291052728,A New Hope,1
3291052728,The Empire Strikes Back,2
3291052728,Return of the Jedi,3
3291051343,The Phantom Menace,5
3291051343,Attack of the Clones,6
3291051343,Revenge of the Sith,4
3291051343,A New Hope,2
3291051343,The Empire Strikes Back,1
3291051343,Return of the Jedi,3
3291045360,The Phantom Menace,6
3291045360,Attack of the Clones,5
3291045360,Revenge of the Sith,4
3291045360,A New Hope,1
3291045360,The Empire Strikes Back,3
3291045360,Return of the Jedi,2
3291043176,The Phantom Menace,4
3291043176,Attack of the Clones,5
3291043176,Revenge of the Sith,6
3291043176,A New Hope,1
3291043176,The Empire Strikes Back,2
3291043176,Return of the Jedi,3
3291042516,The Phantom Menace,3
3291042516,Attack of the Clones,4
3291042516,Revenge of the Sith,5
3291042516,A New Hope,6
3291042516,The Empire Strikes Back,1
3291042516,Return of the Jedi,2
3291034202,The Phantom Menace,6
3291034202,Attack of the Clones,5
3291034202,Revenge of the Sith,4
3291034202,A New Hope,2
3291034202,The Empire Strikes Back,1
3291034202,Return of the Jedi,3
3291028446,The Phantom Menace,6
3291028446,Attack of the Clones,5
3291028446,Revenge of the Sith,4
3291028446,A New Hope,2
3291028446,The Empire Strikes Back,1
3291028446,Return of the Jedi,3
3291024297,The Phantom Menace,6
3291024297,Attack of the Clones,5
3291024297,Revenge of the Sith,4
3291024297,A New Hope,2
3291024297,The Empire Strikes Back,1
3291024297,Return of the Jedi,3
3291023456,The Phantom Menace,6
3291023456,Attack of the Clones,2
3291023456,Revenge of the Sith,1
3291023456,A New Hope,4
3291023456,The Empire Strikes Back,5
3291023456,Return of the Jedi,3
3291019033,The Phantom Menace,1
3291019033,Attack of the Clones,5
3291019033,Revenge of the Sith,2
3291019033,A New Hope,3
3291019033,The Empire Strikes Back,4
3291019033,Return of the Jedi,6
3291014757,The Phantom Menace,6
3291014757,Attack of the Clones,3
3291014757,Revenge of the Sith,4
3291014757,A New Hope,5
3291014757,The Empire Strikes Back,2
3291014757,Return of the Jedi,1
3291007877,The Phantom Menace,5
3291007877,Attack of the Clones,6
3291007877,Revenge of the Sith,4
3291007877,A New Hope,1
3291007877,The Empire Strikes Back,2
3291007877,Return of the Jedi,3
3290996933,The Phantom Menace,4
3290996933,Attack of the Clones,5
3290996933,Revenge of the Sith,6
3290996933,A New Hope,2
3290996933,The Empire Strikes Back,1
3290996933,Return of the Jedi,3
3290987996,The Phantom Menace,6
3290987996,Attack of the Clones,2
3290987996,Revenge of the Sith,4
3290987996,A New Hope,3
3290987996,The Empire Strikes Back,1
3290987996,Return of the Jedi,5
3290977827,The Phantom Menace,3
3290977827,Attack of the Clones,4
3290977827,Revenge of the Sith,5
3290977827,A New Hope,6
3290977827,The Empire Strikes Back,1
3290977827,Return of the Jedi,2
3290975724,The Phantom Menace,1
3290975724,Attack of the Clones,2
3290975724,Revenge of the Sith,3
3290975724,A New Hope,4
3290975724,The Empire Strikes Back,5
3290975724,Return of the Jedi,6
3290973695,The Phantom Menace,5
3290973695,Attack of the Clones,4
3290973695,Revenge of the Sith,6
3290973695,A New Hope,2
3290973695,The Empire Strikes Back,3
3290973695,Return of the Jedi,1
3290972257,The Phantom Menace,4
3290972257,Attack of the Clones,5
3290972257,Revenge of the Sith,6
3290972257,A New Hope,1
3290972257,The Empire Strikes Back,3
3290972257,Return of the Jedi,2
3290971794,The Phantom Menace,5
3290971794,Attack of the Clones,6
3290971794,Revenge of the Sith,4
3290971794,A New Hope,3
3290971794,The Empire Strikes Back,1
3290971794,Return of the Jedi,2
3290961497,The Phantom Menace,5
3290961497,Attack of the Clones,1
3290961497,Revenge of the Sith,6
3290961497,A New Hope,2
3290961497,The Empire Strikes Back,3
3290961497,Return of the Jedi,4
3290947136,The Phantom Menace,1
3290947136,Attack of the Clones,2
3290947136,Revenge of the Sith,3
3290947136,A New Hope,5
3290947136,The Empire Strikes Back,6
3290947136,Return of the Jedi,4
3290947011,The Phantom Menace,5
3290947011,Attack of the Clones,2
3290947011,Revenge of the Sith,1
3290947011,A New Hope,4
3290947011,The Empire Strikes Back,3
3290947011,Return of the Jedi,6
3290944858,The Phantom Menace,3
3290944858,Attack of the Clones,1
3290944858,Revenge of the Sith,2
3290944858,A New Hope,4
3290944858,The Empire Strikes Back,5
3290944858,Return of the Jedi,6
3290929229,The Phantom Menace,4
3290929229,Attack of the Clones,5
3290929229,Revenge of the Sith,6
3290929229,A New Hope,1
3290929229,The Empire Strikes Back,2
3290929229,Return of the Jedi,3
3290922858,The Phantom Menace,4
3290922858,Attack of the Clones,5
3290922858,Revenge of the Sith,6
3290922858,A New Hope,1
3290922858,The Empire Strikes Back,2
3290922858,Return of the Jedi,3
3290919823,The Phantom Menace,4
3290919823,Attack of the Clones,5
3290919823,Revenge of the Sith,6
3290919823,A New Hope,3
3290919823,The Empire Strikes Back,2
3290919823,Return of the Jedi,1
3290919419,The Phantom Menace,5
3290919419,Attack of the Clones,6
3290919419,Revenge of the Sith,4
3290919419,A New Hope,2
3290919419,The Empire Strikes Back,3
3290919419,Return of the Jedi,1
3290917153,The Phantom Menace,5
3290917153,Attack of the Clones,6
3290917153,Revenge of the Sith,4
3290917153,A New Hope,2
3290917153,The Empire Strikes Back,1
3290917153,Return of the Jedi,3
3290917131,The Phantom Menace,4
3290917131,Attack of the Clones,5
3290917131,Revenge of the Sith,6
3290917131,A New Hope,1
3290917131,The Empire Strikes Back,2
3290917131,Return of the Jedi,3
3290916554,The Phantom Menace,4
3290916554,Attack of the Clones,3
3290916554,Revenge of the Sith,5
3290916554,A New Hope,2
3290916554,The Empire Strikes Back,6
3290916554,Return of the Jedi,1
3290915885,The Phantom Menace,3
3290915885,Attack of the Clones,6
3290915885,Revenge of the Sith,5
3290915885,A New Hope,1
3290915885,The Empire Strikes Back,4
3290915885,Return of the Jedi,2
3290910069,The Phantom Menace,3
3290910069,Attack of the Clones,4
3290910069,Revenge of the Sith,5
3290910069,A New Hope,6
3290910069,The Empire Strikes Back,1
3290910069,Return of the Jedi,2
3290902880,The Phantom Menace,4
3290902880,Attack of the Clones,6
3290902880,Revenge of the Sith,5
3290902880,A New Hope,1
3290902880,The Empire Strikes Back,2
3290902880,Return of the Jedi,3
3290901027,The Phantom Menace,4
3290901027,Attack of the Clones,5
3290901027,Revenge of the Sith,6
3290901027,A New Hope,2
3290901027,The Empire Strikes Back,1
3290901027,Return of the Jedi,3
3290888079,The Phantom Menace,2
3290888079,Attack of the Clones,3
3290888079,Revenge of the Sith,4
3290888079,A New Hope,5
3290888079,The Empire Strikes Back,6
3290888079,Return of the Jedi,1
3290879019,The Phantom Menace,4
3290879019,Attack of the Clones,5
3290879019,Revenge of the Sith,6
3290879019,A New Hope,1
3290879019,The Empire Strikes Back,2
3290879019,Return of the Jedi,3
3290878766,The Phantom Menace,4
3290878766,Attack of the Clones,5
3290878766,Revenge of the Sith,6
3290878766,A New Hope,1
3290878766,The Empire Strikes Back,2
3290878766,Return of the Jedi,3
3290873342,The Phantom Menace,6
3290873342,Attack of the Clones,2
3290873342,Revenge of the Sith,3
3290873342,A New Hope,4
3290873342,The Empire Strikes Back,1
3290873342,Return of the Jedi,5
3290871307,The Phantom Menace,6
3290871307,Attack of the Clones,4
3290871307,Revenge of the Sith,5
3290871307,A New Hope,1
3290871307,The Empire Strikes Back,2
3290871307,Return of the Jedi,3
3290863729,The Phantom Menace,5
3290863729,Attack of the Clones,6
3290863729,Revenge of the Sith,2
3290863729,A New Hope,4
3290863729,The Empire Strikes Back,1
3290863729,Return of the Jedi,3
3290863193,The Phantom Menace,5
3290863193,Attack of the Clones,6
3290863193,Revenge of the Sith,4
3290863193,A New Hope,1
3290863193,The Empire Strikes Back,3
3290863193,Return of the Jedi,2
3290860908,The Phantom Menace,6
3290860908,Attack of the Clones,5
3290860908,Revenge of the Sith,3
3290860908,A New Hope,4
3290860908,The Empire Strikes Back,1
3290860908,Return of the Jedi,2
3290860842,The Phantom Menace,3
3290860842,Attack of the Clones,4
3290860842,Revenge of the Sith,6
3290860842,A New Hope,5
3290860842,The Empire Strikes Back,1
3290860842,Return of the Jedi,2
3290860558,The Phantom Menace,6
3290860558,Attack of the Clones,4
3290860558,Revenge of the Sith,3
3290860558,A New Hope,1
3290860558,The Empire Strikes Back,2
3290860558,Return of the Jedi,5
3290858543,The Phantom Menace,4
3290858543,Attack of the Clones,3
3290858543,Revenge of the Sith,5
3290858543,A New Hope,2
3290858543,The Empire Strikes Back,1
3290858543,Return of the Jedi,6
3290855818,The Phantom Menace,5
3290855818,Attack of the Clones,6
3290855818,Revenge of the Sith,4
3290855818,A New Hope,1
3290855818,The Empire Strikes Back,2
3290855818,Return of the Jedi,3
3290854802,The Phantom Menace,6
3290854802,Attack of the Clones,5
3290854802,Revenge of the Sith,4
3290854802,A New Hope,3
3290854802,The Empire Strikes Back,1
3290854802,Return of the Jedi,2
3290848617,The Phantom Menace,4
3290848617,Attack of the Clones,5
3290848617,Revenge of the Sith,6
3290848617,A New Hope,3
3290848617,The Empire Strikes Back,1
3290848617,Return of the Jedi,2
3290846848,The Phantom Menace,1
3290846848,Attack of the Clones,2
3290846848,Revenge of the Sith,3
3290846848,A New Hope,4
3290846848,The Empire Strikes Back,5
3290846848,Return of the Jedi,6
3290846466,The Phantom Menace,1
3290846466,Attack of the Clones,6
3290846466,Revenge of the Sith,5
3290846466,A New Hope,2
3290846466,The Empire Strikes Back,4
3290846466,Return of the Jedi,3
3290845367,The Phantom Menace,5
3290845367,Attack of the Clones,4
3290845367,Revenge of the Sith,6
3290845367,A New Hope,1
3290845367,The Empire Strikes Back,3
3290845367,Return of the Jedi,2
3290845046,The Phantom Menace,4
3290845046,Attack of the Clones,5
3290845046,Revenge of the Sith,6
3290845046,A New Hope,2
3290845046,The Empire Strikes Back,1
3290845046,Return of the Jedi,3
3290810023,The Phantom Menace,1
3290810023,Attack of the Clones,2
3290810023,Revenge of the Sith,3
3290810023,A New Hope,4
3290810023,The Empire Strikes Back,5
3290810023,Return of the Jedi,6
3290806200,The Phantom Menace,4
3290806200,Attack of the Clones,5
3290806200,Revenge of the Sith,6
3290806200,A New Hope,3
3290806200,The Empire Strikes Back,1
3290806200,Return of the Jedi,2
3290805125,The Phantom Menace,1
3290805125,Attack of the Clones,2
3290805125,Revenge of the Sith,3
3290805125,A New Hope,4
3290805125,The Empire Strikes Back,5
3290805125,Return of the Jedi,6
3290804008,The Phantom Menace,4
3290804008,Attack of the Clones,2
3290804008,Revenge of the Sith,3
3290804008,A New Hope,5
3290804008,The Empire Strikes Back,6
3290804008,Return of the Jedi,1
3290798064,The Phantom Menace,4
3290798064,Attack of the Clones,3
3290798064,Revenge of the Sith,1
3290798064,A New Hope,6
3290798064,The Empire Strikes Back,5
3290798064,Return of the Jedi,2
3290792507,The Phantom Menace,6
3290792507,Attack of the Clones,5
3290792507,Revenge of the Sith,4
3290792507,A New Hope,3
3290792507,The Empire Strikes Back,1
3290792507,Return of the Jedi,2
3290787286,The Phantom Menace,4
3290787286,Attack of the Clones,5
3290787286,Revenge of the Sith,6
3290787286,A New Hope,3
3290787286,The Empire Strikes Back,1
3290787286,Return of the Jedi,2
3290785928,The Phantom Menace,3
3290785928,Attack of the Clones,1
3290785928,Revenge of the Sith,2
3290785928,A New Hope,6
3290785928,The Empire Strikes Back,5
3290785928,Return of the Jedi,4
3290781544,The Phantom Menace,5
3290781544,Attack of the Clones,6
3290781544,Revenge of the Sith,3
3290781544,A New Hope,1
3290781544,The Empire Strikes Back,4
3290781544,Return of the Jedi,2
3290773277,The Phantom Menace,6
3290773277,Attack of the Clones,4
3290773277,Revenge of the Sith,5
3290773277,A New Hope,2
3290773277,The Empire Strikes Back,1
3290773277,Return of the Jedi,3
3290758362,The Phantom Menace,5
3290758362,Attack of the Clones,3
3290758362,Revenge of the Sith,6
3290758362,A New Hope,4
3290758362,The Empire Strikes Back,2
3290758362,Return of the Jedi,1
3290756394,The Phantom Menace,4
3290756394,Attack of the Clones,5
3290756394,Revenge of the Sith,6
3290756394,A New Hope,1
3290756394,The Empire Strikes Back,2
3290756394,Return of the Jedi,3
3290755451,The Phantom Menace,4
3290755451,Attack of the Clones,5
3290755451,Revenge of the Sith,6
3290755451,A New Hope,3
3290755451,The Empire Strikes Back,1
3290755451,Return of the Jedi,2
3290749764,The Phantom Menace,4
3290749764,Attack of the Clones,6
3290749764,Revenge of the Sith,3
3290749764,A New Hope,2
3290749764,The Empire Strikes Back,5
3290749764,Return of the Jedi,1
3290741994,The Phantom Menace,4
3290741994,Attack of the Clones,5
3290741994,Revenge of the Sith,6
3290741994,A New Hope,1
3290741994,The Empire Strikes Back,2
3290741994,Return of the Jedi,3
3290741405,The Phantom Menace,4
3290741405,Attack of the Clones,5
3290741405,Revenge of the Sith,6
3290741405,A New Hope,3
3290741405,The Empire Strikes Back,2
3290741405,Return of the Jedi,1
3290740448,The Phantom Menace,4
3290740448,Attack of the Clones,5
3290740448,Revenge of the Sith,6
3290740448,A New Hope,1
3290740448,The Empire Strikes Back,3
3290740448,Return of the Jedi,2
3290739967,The Phantom Menace,2
3290739967,Attack of the Clones,3
3290739967,Revenge of the Sith,4
3290739967,A New Hope,5
3290739967,The Empire Strikes Back,6
3290739967,Return of the Jedi,1
3290736072,The Phantom Menace,4
3290736072,Attack of the Clones,6
3290736072,Revenge of the Sith,5
3290736072,A New Hope,3
3290736072,The Empire Strikes Back,2
3290736072,Return of the Jedi,1
3290734874,The Phantom Menace,4
3290734874,Attack of the Clones,5
3290734874,Revenge of the Sith,6
3290734874,A New Hope,1
3290734874,The Empire Strikes Back,2
3290734874,Return of the Jedi,3
3290732383,The Phantom Menace,6
3290732383,Attack of the Clones,5
3290732383,Revenge of the Sith,4
3290732383,A New Hope,3
3290732383,The Empire Strikes Back,1
3290732383,Return of the Jedi,2
3290727763,The Phantom Menace,6
3290727763,Attack of the Clones,5
3290727763,Revenge of the Sith,1
3290727763,A New Hope,4
3290727763,The Empire Strikes Back,3
3290727763,Return of the Jedi,2
3290726075,The Phantom Menace,4
3290726075,Attack of the Clones,5
3290726075,Revenge of the Sith,6
3290726075,A New Hope,3
3290726075,The Empire Strikes Back,1
3290726075,Return of the Jedi,2
3290717899,The Phantom Menace,4
3290717899,Attack of the Clones,5
3290717899,Revenge of the Sith,3
3290717899,A New Hope,6
3290717899,The Empire Strikes Back,1
3290717899,Return of the Jedi,2
3290714941,The Phantom Menace,3
3290714941,Attack of the Clones,2
3290714941,Revenge of the Sith,1
3290714941,A New Hope,6
3290714941,The Empire Strikes Back,4
3290714941,Return of the Jedi,5
3290714378,The Phantom Menace,3
3290714378,Attack of the Clones,4
3290714378,Revenge of the Sith,5
3290714378,A New Hope,1
3290714378,The Empire Strikes Back,2
3290714378,Return of the Jedi,6
3290700285,The Phantom Menace,4
3290700285,Attack of the Clones,3
3290700285,Revenge of the Sith,6
3290700285,A New Hope,5
3290700285,The Empire Strikes Back,1
3290700285,Return of the Jedi,2
3290699410,The Phantom Menace,4
3290699410,Attack of the Clones,6
3290699410,Revenge of the Sith,3
3290699410,A New Hope,5
3290699410,The Empire Strikes Back,1
3290699410,Return of the Jedi,2
3290695784,The Phantom Menace,6
3290695784,Attack of the Clones,5
3290695784,Revenge of the Sith,4
3290695784,A New Hope,1
3290695784,The Empire Strikes Back,2
3290695784,Return of the Jedi,3
3290691758,The Phantom Menace,1
3290691758,Attack of the Clones,2
3290691758,Revenge of the Sith,3
3290691758,A New Hope,4
3290691758,The Empire Strikes Back,5
3290691758,Return of the Jedi,6
3290687981,The Phantom Menace,6
3290687981,Attack of the Clones,5
3290687981,Revenge of the Sith,4
3290687981,A New Hope,2
3290687981,The Empire Strikes Back,1
3290687981,Return of the Jedi,3
3290687830,The Phantom Menace,1
3290687830,Attack of the Clones,2
3290687830,Revenge of the Sith,0
3290687830,A New Hope,4
3290687830,The Empire Strikes Back,5
3290687830,Return of the Jedi,3
3290684868,The Phantom Menace,4
3290684868,Attack of the Clones,5
3290684868,Revenge of the Sith,6
3290684868,A New Hope,1
3290684868,The Empire Strikes Back,2
3290684868,Return of the Jedi,3
3290684287,The Phantom Menace,4
3290684287,Attack of the Clones,5
3290684287,Revenge of the Sith,6
3290684287,A New Hope,1
3290684287,The Empire Strikes Back,2
3290684287,Return of the Jedi,3
3290662118,The Phantom Menace,6
3290662118,Attack of the Clones,4
3290662118,Revenge of the Sith,5
3290662118,A New Hope,2
3290662118,The Empire Strikes Back,1
3290662118,Return of the Jedi,3
3290661650,The Phantom Menace,6
3290661650,Attack of the Clones,5
3290661650,Revenge of the Sith,4
3290661650,A New Hope,1
3290661650,The Empire Strikes Back,2
3290661650,Return of the Jedi,3
3290661135,The Phantom Menace,4
3290661135,Attack of the Clones,6
3290661135,Revenge of the Sith,5
3290661135,A New Hope,2
3290661135,The Empire Strikes Back,1
3290661135,Return of the Jedi,3
3290659818,The Phantom Menace,6
3290659818,Attack of the Clones,5
3290659818,Revenge of the Sith,4
3290659818,A New Hope,3
3290659818,The Empire Strikes Back,1
3290659818,Return of the Jedi,2
3290654597,The Phantom Menace,4
3290654597,Attack of the Clones,5
3290654597,Revenge of the Sith,6
3290654597,A New Hope,2
3290654597,The Empire Strikes Back,1
3290654597,Return of the Jedi,3
3290650590,The Phantom Menace,6
3290650590,Attack of the Clones,5
3290650590,Revenge of the Sith,4
3290650590,A New Hope,3
3290650590,The Empire Strikes Back,1
3290650590,Return of the Jedi,2
3290638529,The Phantom Menace,6
3290638529,Attack of the Clones,3
3290638529,Revenge of the Sith,4
3290638529,A New Hope,1
3290638529,The Empire Strikes Back,2
3290638529,Return of the Jedi,5
3290630282,The Phantom Menace,1
3290630282,Attack of the Clones,2
3290630282,Revenge of the Sith,3
3290630282,A New Hope,4
3290630282,The Empire Strikes Back,5
3290630282,Return of the Jedi,6
3290627850,The Phantom Menace,4
3290627850,Attack of the Clones,5
3290627850,Revenge of the Sith,6
3290627850,A New Hope,1
3290627850,The Empire Strikes Back,2
3290627850,Return of the Jedi,3
3290627681,The Phantom Menace,4
3290627681,Attack of the Clones,6
3290627681,Revenge of the Sith,5
3290627681,A New Hope,3
3290627681,The Empire Strikes Back,1
3290627681,Return of the Jedi,2
3290620991,The Phantom Menace,6
3290620991,Attack of the Clones,2
3290620991,Revenge of the Sith,3
3290620991,A New Hope,5
3290620991,The Empire Strikes Back,4
3290620991,Return of the Jedi,1
3290617461,The Phantom Menace,2
3290617461,Attack of the Clones,3
3290617461,Revenge of the Sith,1
3290617461,A New Hope,4
3290617461,The Empire Strikes Back,5
3290617461,Return of the Jedi,6
3290611875,The Phantom Menace,3
3290611875,Attack of the Clones,4
3290611875,Revenge of the Sith,5
3290611875,A New Hope,2
3290611875,The Empire Strikes Back,1
3290611875,Return of the Jedi,6
3290601892,The Phantom Menace,6
3290601892,Attack of the Clones,4
3290601892,Revenge of the Sith,3
3290601892,A New Hope,5
3290601892,The Empire Strikes Back,2
3290601892,Return of the Jedi,1
3290597099,The Phantom Menace,6
3290597099,Attack of the Clones,5
3290597099,Revenge of the Sith,2
3290597099,A New Hope,3
3290597099,The Empire Strikes Back,1
3290597099,Return of the Jedi,4
3290593953,The Phantom Menace,6
3290593953,Attack of the Clones,5
3290593953,Revenge of the Sith,3
3290593953,A New Hope,2
3290593953,The Empire Strikes Back,1
3290593953,Return of the Jedi,4
3290572073,The Phantom Menace,5
3290572073,Attack of the Clones,6
3290572073,Revenge of the Sith,4
3290572073,A New Hope,1
3290572073,The Empire Strikes Back,2
3290572073,Return of the Jedi,3
3290568339,The Phantom Menace,5
3290568339,Attack of the Clones,6
3290568339,Revenge of the Sith,4
3290568339,A New Hope,3
3290568339,The Empire Strikes Back,1
3290568339,Return of the Jedi,2
3290565768,The Phantom Menace,6
3290565768,Attack of the Clones,5
3290565768,Revenge of the Sith,3
3290565768,A New Hope,1
3290565768,The Empire Strikes Back,4
3290565768,Return of the Jedi,2
3290552963,The Phantom Menace,6
3290552963,Attack of the Clones,5
3290552963,Revenge of the Sith,4
3290552963,A New Hope,1
3290552963,The Empire Strikes Back,2
3290552963,Return of the Jedi,3
3290544865,The Phantom Menace,5
3290544865,Attack of the Clones,6
3290544865,Revenge of the Sith,3
3290544865,A New Hope,1
3290544865,The Empire Strikes Back,2
3290544865,Return of the Jedi,4
3290539653,The Phantom Menace,4
3290539653,Attack of the Clones,5
3290539653,Revenge of the Sith,6
3290539653,A New Hope,1
3290539653,The Empire Strikes Back,2
3290539653,Return of the Jedi,3
3290532429,The Phantom Menace,4
3290532429,Attack of the Clones,6
3290532429,Revenge of the Sith,5
3290532429,A New Hope,1
3290532429,The Empire Strikes Back,3
3290532429,Return of the Jedi,2
3290511533,The Phantom Menace,3
3290511533,Attack of the Clones,1
3290511533,Revenge of the Sith,2
3290511533,A New Hope,6
3290511533,The Empire Strikes Back,5
3290511533,Return of the Jedi,4
3290506830,The Phantom Menace,6
3290506830,Attack of the Clones,3
3290506830,Revenge of the Sith,5
3290506830,A New Hope,2
3290506830,The Empire Strikes Back,4
3290506830,Return of the Jedi,1
3290505081,The Phantom Menace,4
3290505081,Attack of the Clones,5
3290505081,Revenge of the Sith,6
3290505081,A New Hope,1
3290505081,The Empire Strikes Back,2
3290505081,Return of the Jedi,3
3290499954,The Phantom Menace,3
3290499954,Attack of the Clones,4
3290499954,Revenge of the Sith,5
3290499954,A New Hope,6
3290499954,The Empire Strikes Back,1
3290499954,Return of the Jedi,2
3290496822,The Phantom Menace,6
3290496822,Attack of the Clones,4
3290496822,Revenge of the Sith,5
3290496822,A New Hope,2
3290496822,The Empire Strikes Back,3
3290496822,Return of the Jedi,1
3290474953,The Phantom Menace,4
3290474953,Attack of the Clones,5
3290474953,Revenge of the Sith,6
3290474953,A New Hope,1
3290474953,The Empire Strikes Back,2
3290474953,Return of the Jedi,3
3290471553,The Phantom Menace,6
3290471553,Attack of the Clones,4
3290471553,Revenge of the Sith,1
3290471553,A New Hope,3
3290471553,The Empire Strikes Back,5
3290471553,Return of the Jedi,2
3290461599,The Phantom Menace,1
3290461599,Attack of the Clones,2
3290461599,Revenge of the Sith,3
3290461599,A New Hope,4
3290461599,The Empire Strikes Back,5
3290461599,Return of the Jedi,6
3290444421,The Phantom Menace,4
3290444421,Attack of the Clones,6
3290444421,Revenge of the Sith,5
3290444421,A New Hope,1
3290444421,The Empire Strikes Back,2
3290444421,Return of the Jedi,3
3290439063,The Phantom Menace,5
3290439063,Attack of the Clones,4
3290439063,Revenge of the Sith,6
3290439063,A New Hope,3
3290439063,The Empire Strikes Back,1
3290439063,Return of the Jedi,2
3290427764,The Phantom Menace,2
3290427764,Attack of the Clones,4
3290427764,Revenge of the Sith,5
3290427764,A New Hope,6
3290427764,The Empire Strikes Back,3
3290427764,Return of the Jedi,1
3290426384,The Phantom Menace,5
3290426384,Attack of the Clones,3
3290426384,Revenge of the Sith,4
3290426384,A New Hope,6
3290426384,The Empire Strikes Back,1
3290426384,Return of the Jedi,2
3290423155,The Phantom Menace,4
3290423155,Attack of the Clones,5
3290423155,Revenge of the Sith,6
3290423155,A New Hope,1
3290423155,The Empire Strikes Back,2
3290423155,Return of the Jedi,3
3290421738,The Phantom Menace,5
3290421738,Attack of the Clones,6
3290421738,Revenge of the Sith,4
3290421738,A New Hope,3
3290421738,The Empire Strikes Back,1
3290421738,Return of the Jedi,2
3290401956,The Phantom Menace,4
3290401956,Attack of the Clones,3
3290401956,Revenge of the Sith,6
3290401956,A New Hope,5
3290401956,The Empire Strikes Back,1
3290401956,Return of the Jedi,2
3290394872,The Phantom Menace,5
3290394872,Attack of the Clones,3
3290394872,Revenge of the Sith,6
3290394872,A New Hope,4
3290394872,The Empire Strikes Back,1
3290394872,Return of the Jedi,2
3290392454,The Phantom Menace,2
3290392454,Attack of the Clones,5
3290392454,Revenge of the Sith,6
3290392454,A New Hope,3
3290392454,The Empire Strikes Back,1
3290392454,Return of the Jedi,4
3290392264,The Phantom Menace,1
3290392264,Attack of the Clones,5
3290392264,Revenge of the Sith,2
3290392264,A New Hope,6
3290392264,The Empire Strikes Back,3
3290392264,Return of the Jedi,4
3290364952,The Phantom Menace,4
3290364952,Attack of the Clones,5
3290364952,Revenge of the Sith,3
3290364952,A New Hope,6
3290364952,The Empire Strikes Back,2
3290364952,Return of the Jedi,1
3290347473,The Phantom Menace,6
3290347473,Attack of the Clones,4
3290347473,Revenge of the Sith,5
3290347473,A New Hope,3
3290347473,The Empire Strikes Back,2
3290347473,Return of the Jedi,1
3290344571,The Phantom Menace,4
3290344571,Attack of the Clones,6
3290344571,Revenge of the Sith,3
3290344571,A New Hope,2
3290344571,The Empire Strikes Back,1
3290344571,Return of the Jedi,5
3290343366,The Phantom Menace,4
3290343366,Attack of the Clones,5
3290343366,Revenge of the Sith,6
3290343366,A New Hope,1
3290343366,The Empire Strikes Back,2
3290343366,Return of the Jedi,3
3290337251,The Phantom Menace,2
3290337251,Attack of the Clones,1
3290337251,Revenge of the Sith,3
3290337251,A New Hope,6
3290337251,The Empire Strikes Back,4
3290337251,Return of the Jedi,5
3290325811,The Phantom Menace,6
3290325811,Attack of the Clones,4
3290325811,Revenge of the Sith,5
3290325811,A New Hope,1
3290325811,The Empire Strikes Back,2
3290325811,Return of the Jedi,3
3290320007,The Phantom Menace,6
3290320007,Attack of the Clones,4
3290320007,Revenge of the Sith,5
3290320007,A New Hope,3
3290320007,The Empire Strikes Back,1
3290320007,Return of the Jedi,2
3290316632,The Phantom Menace,2
3290316632,Attack of the Clones,5
3290316632,Revenge of the Sith,3
3290316632,A New Hope,4
3290316632,The Empire Strikes Back,6
3290316632,Return of the Jedi,1
3290316375,The Phantom Menace,2
3290316375,Attack of the Clones,3
3290316375,Revenge of the Sith,4
3290316375,A New Hope,1
3290316375,The Empire Strikes Back,5
3290316375,Return of the Jedi,6
3290315336,The Phantom Menace,1
3290315336,Attack of the Clones,4
3290315336,Revenge of the Sith,5
3290315336,A New Hope,6
3290315336,The Empire Strikes Back,2
3290315336,Return of the Jedi,3
3290309711,The Phantom Menace,6
3290309711,Attack of the Clones,5
3290309711,Revenge of the Sith,2
3290309711,A New Hope,1
3290309711,The Empire Strikes Back,4
3290309711,Return of the Jedi,3
3290292697,The Phantom Menace,4
3290292697,Attack of the Clones,6
3290292697,Revenge of the Sith,5
3290292697,A New Hope,1
3290292697,The Empire Strikes Back,2
3290292697,Return of the Jedi,3
3290283817,The Phantom Menace,4
3290283817,Attack of the Clones,2
3290283817,Revenge of the Sith,3
3290283817,A New Hope,6
3290283817,The Empire Strikes Back,5
3290283817,Return of the Jedi,1
3290283139,The Phantom Menace,1
3290283139,Attack of the Clones,5
3290283139,Revenge of the Sith,6
3290283139,A New Hope,3
3290283139,The Empire Strikes Back,2
3290283139,Return of the Jedi,4
3290279732,The Phantom Menace,4
3290279732,Attack of the Clones,5
3290279732,Revenge of the Sith,6
3290279732,A New Hope,3
3290279732,The Empire Strikes Back,1
3290279732,Return of the Jedi,2
3290269777,The Phantom Menace,5
3290269777,Attack of the Clones,3
3290269777,Revenge of the Sith,6
3290269777,A New Hope,4
3290269777,The Empire Strikes Back,1
3290269777,Return of the Jedi,2
3290266084,The Phantom Menace,2
3290266084,Attack of the Clones,3
3290266084,Revenge of the Sith,6
3290266084,A New Hope,1
3290266084,The Empire Strikes Back,4
3290266084,Return of the Jedi,5
3290262568,The Phantom Menace,1
3290262568,Attack of the Clones,4
3290262568,Revenge of the Sith,5
3290262568,A New Hope,6
3290262568,The Empire Strikes Back,2
3290262568,Return of the Jedi,3
3290257673,The Phantom Menace,3
3290257673,Attack of the Clones,4
3290257673,Revenge of the Sith,6
3290257673,A New Hope,5
3290257673,The Empire Strikes Back,1
3290257673,Return of the Jedi,2
3290227264,The Phantom Menace,5
3290227264,Attack of the Clones,3
3290227264,Revenge of the Sith,6
3290227264,A New Hope,4
3290227264,The Empire Strikes Back,1
3290227264,Return of the Jedi,2
3290223393,The Phantom Menace,2
3290223393,Attack of the Clones,3
3290223393,Revenge of the Sith,5
3290223393,A New Hope,4
3290223393,The Empire Strikes Back,1
3290223393,Return of the Jedi,6
3290216970,The Phantom Menace,5
3290216970,Attack of the Clones,6
3290216970,Revenge of the Sith,4
3290216970,A New Hope,2
3290216970,The Empire Strikes Back,1
3290216970,Return of the Jedi,3
3290213089,The Phantom Menace,4
3290213089,Attack of the Clones,5
3290213089,Revenge of the Sith,6
3290213089,A New Hope,1
3290213089,The Empire Strikes Back,2
3290213089,Return of the Jedi,3
3290210801,The Phantom Menace,4
3290210801,Attack of the Clones,5
3290210801,Revenge of the Sith,6
3290210801,A New Hope,3
3290210801,The Empire Strikes Back,1
3290210801,Return of the Jedi,2
3290209744,The Phantom Menace,6
3290209744,Attack of the Clones,5
3290209744,Revenge of the Sith,4
3290209744,A New Hope,2
3290209744,The Empire Strikes Back,1
3290209744,Return of the Jedi,3
3290203063,The Phantom Menace,2
3290203063,Attack of the Clones,3
3290203063,Revenge of the Sith,4
3290203063,A New Hope,6
3290203063,The Empire Strikes Back,5
3290203063,Return of the Jedi,1
3290188213,The Phantom Menace,2
3290188213,Attack of the Clones,5
3290188213,Revenge of the Sith,6
3290188213,A New Hope,4
3290188213,The Empire Strikes Back,1
3290188213,Return of the Jedi,3
3290176563,The Phantom Menace,4
3290176563,Attack of the Clones,1
3290176563,Revenge of the Sith,5
3290176563,A New Hope,6
3290176563,The Empire Strikes Back,3
3290176563,Return of the Jedi,2
3290173775,The Phantom Menace,1
3290173775,Attack of the Clones,2
3290173775,Revenge of the Sith,3
3290173775,A New Hope,4
3290173775,The Empire Strikes Back,5
3290173775,Return of the Jedi,6
3290173176,The Phantom Menace,6
3290173176,Attack of the Clones,5
3290173176,Revenge of the Sith,4
3290173176,A New Hope,2
3290173176,The Empire Strikes Back,1
3290173176,Return of the Jedi,3
3290157529,The Phantom Menace,2
3290157529,Attack of the Clones,1
3290157529,Revenge of the Sith,3
3290157529,A New Hope,4
3290157529,The Empire Strikes Back,5
3290157529,Return of the Jedi,6
3290149698,The Phantom Menace,5
3290149698,Attack of the Clones,4
3290149698,Revenge of the Sith,6
3290149698,A New Hope,3
3290149698,The Empire Strikes Back,2
3290149698,Return of the Jedi,1
3290145517,The Phantom Menace,4
3290145517,Attack of the Clones,6
3290145517,Revenge of the Sith,5
3290145517,A New Hope,1
3290145517,The Empire Strikes Back,2
3290145517,Return of the Jedi,3
3290142232,The Phantom Menace,4
3290142232,Attack of the Clones,6
3290142232,Revenge of the Sith,1
3290142232,A New Hope,2
3290142232,The Empire Strikes Back,5
3290142232,Return of the Jedi,3
3290137793,The Phantom Menace,3
3290137793,Attack of the Clones,4
3290137793,Revenge of the Sith,5
3290137793,A New Hope,6
3290137793,The Empire Strikes Back,1
3290137793,Return of the Jedi,2
3290125784,The Phantom Menace,5
3290125784,Attack of the Clones,6
3290125784,Revenge of the Sith,3
3290125784,A New Hope,2
3290125784,The Empire Strikes Back,1
3290125784,Return of the Jedi,4
3290125550,The Phantom Menace,6
3290125550,Attack of the Clones,1
3290125550,Revenge of the Sith,3
3290125550,A New Hope,2
3290125550,The Empire Strikes Back,4
3290125550,Return of the Jedi,5
3290125357,The Phantom Menace,6
3290125357,Attack of the Clones,4
3290125357,Revenge of the Sith,5
3290125357,A New Hope,1
3290125357,The Empire Strikes Back,2
3290125357,Return of the Jedi,3
3290099797,The Phantom Menace,3
3290099797,Attack of the Clones,4
3290099797,Revenge of the Sith,5
3290099797,A New Hope,6
3290099797,The Empire Strikes Back,1
3290099797,Return of the Jedi,2
3290070395,The Phantom Menace,6
3290070395,Attack of the Clones,4
3290070395,Revenge of the Sith,5
3290070395,A New Hope,3
3290070395,The Empire Strikes Back,2
3290070395,Return of the Jedi,1
3290068765,The Phantom Menace,6
3290068765,Attack of the Clones,4
3290068765,Revenge of the Sith,5
3290068765,A New Hope,2
3290068765,The Empire Strikes Back,1
3290068765,Return of the Jedi,3
3290061815,The Phantom Menace,4
3290061815,Attack of the Clones,5
3290061815,Revenge of the Sith,6
3290061815,A New Hope,1
3290061815,The Empire Strikes Back,2
3290061815,Return of the Jedi,3
3290058216,The Phantom Menace,2
3290058216,Attack of the Clones,3
3290058216,Revenge of the Sith,1
3290058216,A New Hope,4
3290058216,The Empire Strikes Back,5
3290058216,Return of the Jedi,6
3290048884,The Phantom Menace,5
3290048884,Attack of the Clones,4
3290048884,Revenge of the Sith,2
3290048884,A New Hope,1
3290048884,The Empire Strikes Back,3
3290048884,Return of the Jedi,6
3290047842,The Phantom Menace,6
3290047842,Attack of the Clones,5
3290047842,Revenge of the Sith,3
3290047842,A New Hope,4
3290047842,The Empire Strikes Back,1
3290047842,Return of the Jedi,2
3290046627,The Phantom Menace,6
3290046627,Attack of the Clones,5
3290046627,Revenge of the Sith,4
3290046627,A New Hope,3
3290046627,The Empire Strikes Back,2
3290046627,Return of the Jedi,1
3290024333,The Phantom Menace,4
3290024333,Attack of the Clones,5
3290024333,Revenge of the Sith,6
3290024333,A New Hope,1
3290024333,The Empire Strikes Back,2
3290024333,Return of the Jedi,3
3290018381,The Phantom Menace,4
3290018381,Attack of the Clones,6
3290018381,Revenge of the Sith,5
3290018381,A New Hope,3
3290018381,The Empire Strikes Back,1
3290018381,Return of the Jedi,2
3290005674,The Phantom Menace,1
3290005674,Attack of the Clones,2
3290005674,Revenge of the Sith,3
3290005674,A New Hope,5
3290005674,The Empire Strikes Back,6
3290005674,Return of the Jedi,4
3290002601,The Phantom Menace,2
3290002601,Attack of the Clones,6
3290002601,Revenge of the Sith,3
3290002601,A New Hope,1
3290002601,The Empire Strikes Back,5
3290002601,Return of the Jedi,4
3289997713,The Phantom Menace,4
3289997713,Attack of the Clones,5
3289997713,Revenge of the Sith,6
3289997713,A New Hope,1
3289997713,The Empire Strikes Back,2
3289997713,Return of the Jedi,3
3289997196,The Phantom Menace,6
3289997196,Attack of the Clones,3
3289997196,Revenge of the Sith,4
3289997196,A New Hope,5
3289997196,The Empire Strikes Back,1
3289997196,Return of the Jedi,2
3289996800,The Phantom Menace,4
3289996800,Attack of the Clones,3
3289996800,Revenge of the Sith,5
3289996800,A New Hope,2
3289996800,The Empire Strikes Back,6
3289996800,Return of the Jedi,1
3289996025,The Phantom Menace,6
3289996025,Attack of the Clones,4
3289996025,Revenge of the Sith,5
3289996025,A New Hope,3
3289996025,The Empire Strikes Back,2
3289996025,Return of the Jedi,1
3289995352,The Phantom Menace,2
3289995352,Attack of the Clones,3
3289995352,Revenge of the Sith,4
3289995352,A New Hope,5
3289995352,The Empire Strikes Back,1
3289995352,Return of the Jedi,6
3289988393,The Phantom Menace,2
3289988393,Attack of the Clones,3
3289988393,Revenge of the Sith,4
3289988393,A New Hope,5
3289988393,The Empire Strikes Back,1
3289988393,Return of the Jedi,6
3289980534,The Phantom Menace,1
3289980534,Attack of the Clones,2
3289980534,Revenge of the Sith,5
3289980534,A New Hope,6
3289980534,The Empire Strikes Back,4
3289980534,Return of the Jedi,3
3289973506,The Phantom Menace,4
3289973506,Attack of the Clones,5
3289973506,Revenge of the Sith,3
3289973506,A New Hope,6
3289973506,The Empire Strikes Back,2
3289973506,Return of the Jedi,1
3289971256,The Phantom Menace,5
3289971256,Attack of the Clones,6
3289971256,Revenge of the Sith,3
3289971256,A New Hope,4
3289971256,The Empire Strikes Back,2
3289971256,Return of the Jedi,1
3289962614,The Phantom Menace,4
3289962614,Attack of the Clones,5
3289962614,Revenge of the Sith,6
3289962614,A New Hope,1
3289962614,The Empire Strikes Back,3
3289962614,Return of the Jedi,2
3289955364,The Phantom Menace,4
3289955364,Attack of the Clones,5
3289955364,Revenge of the Sith,6
3289955364,A New Hope,2
3289955364,The Empire Strikes Back,3
3289955364,Return of the Jedi,1
3289952496,The Phantom Menace,5
3289952496,Attack of the Clones,2
3289952496,Revenge of the Sith,3
3289952496,A New Hope,4
3289952496,The Empire Strikes Back,6
3289952496,Return of the Jedi,1
3289923980,The Phantom Menace,6
3289923980,Attack of the Clones,5
3289923980,Revenge of the Sith,4
3289923980,A New Hope,2
3289923980,The Empire Strikes Back,1
3289923980,Return of the Jedi,3
3289920249,The Phantom Menace,5
3289920249,Attack of the Clones,4
3289920249,Revenge of the Sith,6
3289920249,A New Hope,1
3289920249,The Empire Strikes Back,2
3289920249,Return of the Jedi,3
3289914533,The Phantom Menace,2
3289914533,Attack of the Clones,3
3289914533,Revenge of the Sith,1
3289914533,A New Hope,4
3289914533,The Empire Strikes Back,5
3289914533,Return of the Jedi,6
3289914097,The Phantom Menace,4
3289914097,Attack of the Clones,5
3289914097,Revenge of the Sith,6
3289914097,A New Hope,2
3289914097,The Empire Strikes Back,1
3289914097,Return of the Jedi,3
3289909917,The Phantom Menace,4
3289909917,Attack of the Clones,6
3289909917,Revenge of the Sith,5
3289909917,A New Hope,1
3289909917,The Empire Strikes Back,2
3289909917,Return of the Jedi,3
3289905044,The Phantom Menace,6
3289905044,Attack of the Clones,5
3289905044,Revenge of the Sith,2
3289905044,A New Hope,4
3289905044,The Empire Strikes Back,3
3289905044,Return of the Jedi,1
3289902920,The Phantom Menace,6
3289902920,Attack of the Clones,5
3289902920,Revenge of the Sith,4
3289902920,A New Hope,3
3289902920,The Empire Strikes Back,2
3289902920,Return of the Jedi,1
3289901820,The Phantom Menace,5
3289901820,Attack of the Clones,6
3289901820,Revenge of the Sith,3
3289901820,A New Hope,1
3289901820,The Empire Strikes Back,4
3289901820,Return of the Jedi,2
3289901633,The Phantom Menace,5
3289901633,Attack of the Clones,4
3289901633,Revenge of the Sith,6
3289901633,A New Hope,2
3289901633,The Empire Strikes Back,1
3289901633,Return of the Jedi,3
3289897826,The Phantom Menace,5
3289897826,Attack of the Clones,4
3289897826,Revenge of the Sith,6
3289897826,A New Hope,3
3289897826,The Empire Strikes Back,1
3289897826,Return of the Jedi,2
3289896565,The Phantom Menace,6
3289896565,Attack of the Clones,5
3289896565,Revenge of the Sith,4
3289896565,A New Hope,3
3289896565,The Empire Strikes Back,1
3289896565,Return of the Jedi,2
3289895732,The Phantom Menace,6
3289895732,Attack of the Clones,5
3289895732,Revenge of the Sith,1
3289895732,A New Hope,2
3289895732,The Empire Strikes Back,3
3289895732,Return of the Jedi,4
3289888015,The Phantom Menace,6
3289888015,Attack of the Clones,4
3289888015,Revenge of the Sith,5
3289888015,A New Hope,2
3289888015,The Empire Strikes Back,1
3289888015,Return of the Jedi,3
3289878528,The Phantom Menace,6
3289878528,Attack of the Clones,4
3289878528,Revenge of the Sith,5
3289878528,A New Hope,1
3289878528,The Empire Strikes Back,2
3289878528,Return of the Jedi,3
3289877093,The Phantom Menace,4
3289877093,Attack of the Clones,5
3289877093,Revenge of the Sith,6
3289877093,A New Hope,1
3289877093,The Empire Strikes Back,2
3289877093,Return of the Jedi,3
3289874408,The Phantom Menace,6
3289874408,Attack of the Clones,5
3289874408,Revenge of the Sith,3
3289874408,A New Hope,2
3289874408,The Empire Strikes Back,1
3289874408,Return of the Jedi,4
3289868197,The Phantom Menace,3
3289868197,Attack of the Clones,4
3289868197,Revenge of the Sith,5
3289868197,A New Hope,6
3289868197,The Empire Strikes Back,2
3289868197,Return of the Jedi,1
3289856887,The Phantom Menace,4
3289856887,Attack of the Clones,6
3289856887,Revenge of the Sith,5
3289856887,A New Hope,1
3289856887,The Empire Strikes Back,2
3289856887,Return of the Jedi,3
3289855873,The Phantom Menace,5
3289855873,Attack of the Clones,4
3289855873,Revenge of the Sith,3
3289855873,A New Hope,6
3289855873,The Empire Strikes Back,1
3289855873,Return of the Jedi,2
3289847932,The Phantom Menace,5
3289847932,Attack of the Clones,2
3289847932,Revenge of the Sith,1
3289847932,A New Hope,6
3289847932,The Empire Strikes Back,3
3289847932,Return of the Jedi,4
3289843973,The Phantom Menace,6
3289843973,Attack of the Clones,3
3289843973,Revenge of the Sith,2
3289843973,A New Hope,5
3289843973,The Empire Strikes Back,1
3289843973,Return of the Jedi,4
3289835282,The Phantom Menace,3
3289835282,Attack of the Clones,6
3289835282,Revenge of the Sith,5
3289835282,A New Hope,4
3289835282,The Empire Strikes Back,1
3289835282,Return of the Jedi,2
3289829982,The Phantom Menace,6
3289829982,Attack of the Clones,5
3289829982,Revenge of the Sith,4
3289829982,A New Hope,1
3289829982,The Empire Strikes Back,3
3289829982,Return of the Jedi,2
3289821310,The Phantom Menace,1
3289821310,Attack of the Clones,2
3289821310,Revenge of the Sith,3
3289821310,A New Hope,4
3289821310,The Empire Strikes Back,5
3289821310,Return of the Jedi,6
3289815685,The Phantom Menace,6
3289815685,Attack of the Clones,4
3289815685,Revenge of the Sith,5
3289815685,A New Hope,1
3289815685,The Empire Strikes Back,2
3289815685,Return of the Jedi,3
3289809469,The Phantom Menace,4
3289809469,Attack of the Clones,5
3289809469,Revenge of the Sith,6
3289809469,A New Hope,2
3289809469,The Empire Strikes Back,1
3289809469,Return of the Jedi,3
3289804326,The Phantom Menace,5
3289804326,Attack of the Clones,6
3289804326,Revenge of the Sith,4
3289804326,A New Hope,1
3289804326,The Empire Strikes Back,2
3289804326,Return of the Jedi,3
3289804031,The Phantom Menace,5
3289804031,Attack of the Clones,4
3289804031,Revenge of the Sith,1
3289804031,A New Hope,2
3289804031,The Empire Strikes Back,3
3289804031,Return of the Jedi,6
3289798759,The Phantom Menace,6
3289798759,Attack of the Clones,4
3289798759,Revenge of the Sith,5
3289798759,A New Hope,1
3289798759,The Empire Strikes Back,2
3289798759,Return of the Jedi,3
3289790146,The Phantom Menace,3
3289790146,Attack of the Clones,4
3289790146,Revenge of the Sith,5
3289790146,A New Hope,6
3289790146,The Empire Strikes Back,1
3289790146,Return of the Jedi,2
3289786719,The Phantom Menace,3
3289786719,Attack of the Clones,4
3289786719,Revenge of the Sith,5
3289786719,A New Hope,6
3289786719,The Empire Strikes Back,1
3289786719,Return of the Jedi,2
3289758800,The Phantom Menace,6
3289758800,Attack of the Clones,2
3289758800,Revenge of the Sith,3
3289758800,A New Hope,1
3289758800,The Empire Strikes Back,4
3289758800,Return of the Jedi,5
3289757385,The Phantom Menace,3
3289757385,Attack of the Clones,4
3289757385,Revenge of the Sith,5
3289757385,A New Hope,6
3289757385,The Empire Strikes Back,2
3289757385,Return of the Jedi,1
3289757163,The Phantom Menace,5
3289757163,Attack of the Clones,6
3289757163,Revenge of the Sith,4
3289757163,A New Hope,1
3289757163,The Empire Strikes Back,2
3289757163,Return of the Jedi,3
3289752347,The Phantom Menace,4
3289752347,Attack of the Clones,5
3289752347,Revenge of the Sith,6
3289752347,A New Hope,1
3289752347,The Empire Strikes Back,2
3289752347,Return of the Jedi,3
3289745063,The Phantom Menace,2
3289745063,Attack of the Clones,3
3289745063,Revenge of the Sith,6
3289745063,A New Hope,5
3289745063,The Empire Strikes Back,1
3289745063,Return of the Jedi,4
3289737236,The Phantom Menace,4
3289737236,Attack of the Clones,5
3289737236,Revenge of the Sith,6
3289737236,A New Hope,1
3289737236,The Empire Strikes Back,2
3289737236,Return of the Jedi,3
3289733444,The Phantom Menace,1
3289733444,Attack of the Clones,2
3289733444,Revenge of the Sith,3
3289733444,A New Hope,4
3289733444,The Empire Strikes Back,5
3289733444,Return of the Jedi,6
3289725827,The Phantom Menace,6
3289725827,Attack of the Clones,5
3289725827,Revenge of the Sith,4
3289725827,A New Hope,1
3289725827,The Empire Strikes Back,2
3289725827,Return of the Jedi,3
3289722110,The Phantom Menace,1
3289722110,Attack of the Clones,3
3289722110,Revenge of the Sith,2
3289722110,A New Hope,4
3289722110,The Empire Strikes Back,6
3289722110,Return of the Jedi,5
3289711817,The Phantom Menace,6
3289711817,Attack of the Clones,5
3289711817,Revenge of the Sith,4
3289711817,A New Hope,1
3289711817,The Empire Strikes Back,2
3289711817,Return of the Jedi,3
3289706727,The Phantom Menace,3
3289706727,Attack of the Clones,6
3289706727,Revenge of the Sith,5
3289706727,A New Hope,2
3289706727,The Empire Strikes Back,1
3289706727,Return of the Jedi,4
3289705195,The Phantom Menace,4
3289705195,Attack of the Clones,5
3289705195,Revenge of the Sith,6
3289705195,A New Hope,1
3289705195,The Empire Strikes Back,3
3289705195,Return of the Jedi,2
3289700288,The Phantom Menace,5
3289700288,Attack of the Clones,6
3289700288,Revenge of the Sith,1
3289700288,A New Hope,2
3289700288,The Empire Strikes Back,3
3289700288,Return of the Jedi,4
3289695941,The Phantom Menace,4
3289695941,Attack of the Clones,5
3289695941,Revenge of the Sith,6
3289695941,A New Hope,1
3289695941,The Empire Strikes Back,3
3289695941,Return of the Jedi,2
3289693023,The Phantom Menace,5
3289693023,Attack of the Clones,6
3289693023,Revenge of the Sith,4
3289693023,A New Hope,2
3289693023,The Empire Strikes Back,1
3289693023,Return of the Jedi,3
3289689331,The Phantom Menace,1
3289689331,Attack of the Clones,2
3289689331,Revenge of the Sith,3
3289689331,A New Hope,6
3289689331,The Empire Strikes Back,5
3289689331,Return of the Jedi,4
3289688885,The Phantom Menace,1
3289688885,Attack of the Clones,6
3289688885,Revenge of the Sith,4
3289688885,A New Hope,5
3289688885,The Empire Strikes Back,2
3289688885,Return of the Jedi,3
3289684323,The Phantom Menace,6
3289684323,Attack of the Clones,3
3289684323,Revenge of the Sith,4
3289684323,A New Hope,2
3289684323,The Empire Strikes Back,1
3289684323,Return of the Jedi,5
3289681765,The Phantom Menace,3
3289681765,Attack of the Clones,4
3289681765,Revenge of the Sith,5
3289681765,A New Hope,6
3289681765,The Empire Strikes Back,2
3289681765,Return of the Jedi,1
3289673695,The Phantom Menace,1
3289673695,Attack of the Clones,2
3289673695,Revenge of the Sith,3
3289673695,A New Hope,4
3289673695,The Empire Strikes Back,5
3289673695,Return of the Jedi,6
3289664241,The Phantom Menace,6
3289664241,Attack of the Clones,4
3289664241,Revenge of the Sith,5
3289664241,A New Hope,1
3289664241,The Empire Strikes Back,2
3289664241,Return of the Jedi,3
3289652167,The Phantom Menace,2
3289652167,Attack of the Clones,1
3289652167,Revenge of the Sith,3
3289652167,A New Hope,6
3289652167,The Empire Strikes Back,4
3289652167,Return of the Jedi,5
3289641241,The Phantom Menace,3
3289641241,Attack of the Clones,4
3289641241,Revenge of the Sith,5
3289641241,A New Hope,6
3289641241,The Empire Strikes Back,1
3289641241,Return of the Jedi,2
3289638367,The Phantom Menace,4
3289638367,Attack of the Clones,5
3289638367,Revenge of the Sith,6
3289638367,A New Hope,1
3289638367,The Empire Strikes Back,3
3289638367,Return of the Jedi,2
3289633176,The Phantom Menace,1
3289633176,Attack of the Clones,4
3289633176,Revenge of the Sith,6
3289633176,A New Hope,5
3289633176,The Empire Strikes Back,2
3289633176,Return of the Jedi,3
3289625071,The Phantom Menace,4
3289625071,Attack of the Clones,5
3289625071,Revenge of the Sith,3
3289625071,A New Hope,6
3289625071,The Empire Strikes Back,1
3289625071,Return of the Jedi,2
3289597035,The Phantom Menace,4
3289597035,Attack of the Clones,6
3289597035,Revenge of the Sith,5
3289597035,A New Hope,1
3289597035,The Empire Strikes Back,3
3289597035,Return of the Jedi,2
3289582868,The Phantom Menace,6
3289582868,Attack of the Clones,2
3289582868,Revenge of the Sith,5
3289582868,A New Hope,3
3289582868,The Empire Strikes Back,1
3289582868,Return of the Jedi,4
3289582090,The Phantom Menace,4
3289582090,Attack of the Clones,5
3289582090,Revenge of the Sith,6
3289582090,A New Hope,1
3289582090,The Empire Strikes Back,3
3289582090,Return of the Jedi,2
3289573606,The Phantom Menace,6
3289573606,Attack of the Clones,5
3289573606,Revenge of the Sith,4
3289573606,A New Hope,2
3289573606,The Empire Strikes Back,1
3289573606,Return of the Jedi,3
3289572808,The Phantom Menace,1
3289572808,Attack of the Clones,2
3289572808,Revenge of the Sith,4
3289572808,A New Hope,5
3289572808,The Empire Strikes Back,6
3289572808,Return of the Jedi,3
3289564387,The Phantom Menace,6
3289564387,Attack of the Clones,5
3289564387,Revenge of the Sith,4
3289564387,A New Hope,2
3289564387,The Empire Strikes Back,1
3289564387,Return of the Jedi,3
3289560376,The Phantom Menace,4
3289560376,Attack of the Clones,5
3289560376,Revenge of the Sith,6
3289560376,A New Hope,1
3289560376,The Empire Strikes Back,3
3289560376,Return of the Jedi,2
3289552996,The Phantom Menace,6
3289552996,Attack of the Clones,4
3289552996,Revenge of the Sith,5
3289552996,A New Hope,1
3289552996,The Empire Strikes Back,3
3289552996,Return of the Jedi,2
3289540349,The Phantom Menace,6
3289540349,Attack of the Clones,4
3289540349,Revenge of the Sith,5
3289540349,A New Hope,1
3289540349,The Empire Strikes Back,2
3289540349,Return of the Jedi,3
3289539921,The Phantom Menace,6
3289539921,Attack of the Clones,5
3289539921,Revenge of the Sith,3
3289539921,A New Hope,2
3289539921,The Empire Strikes Back,1
3289539921,Return of the Jedi,4
3289537293,The Phantom Menace,4
3289537293,Attack of the Clones,5
3289537293,Revenge of the Sith,6
3289537293,A New Hope,1
3289537293,The Empire Strikes Back,3
3289537293,Return of the Jedi,2
3289533753,The Phantom Menace,1
3289533753,Attack of the Clones,2
3289533753,Revenge of the Sith,3
3289533753,A New Hope,4
3289533753,The Empire Strikes Back,5
3289533753,Return of the Jedi,6
3289531711,The Phantom Menace,4
3289531711,Attack of the Clones,5
3289531711,Revenge of the Sith,3
3289531711,A New Hope,6
3289531711,The Empire Strikes Back,1
3289531711,Return of the Jedi,2
3289530042,The Phantom Menace,6
3289530042,Attack of the Clones,5
3289530042,Revenge of the Sith,4
3289530042,A New Hope,3
3289530042,The Empire Strikes Back,1
3289530042,Return of the Jedi,2
3289498263,The Phantom Menace,3
3289498263,Attack of the Clones,6
3289498263,Revenge of the Sith,4
3289498263,A New Hope,5
3289498263,The Empire Strikes Back,1
3289498263,Return of the Jedi,2
3289498064,The Phantom Menace,5
3289498064,Attack of the Clones,6
3289498064,Revenge of the Sith,4
3289498064,A New Hope,2
3289498064,The Empire Strikes Back,3
3289498064,Return of the Jedi,1
3289489736,The Phantom Menace,3
3289489736,Attack of the Clones,4
3289489736,Revenge of the Sith,5
3289489736,A New Hope,2
3289489736,The Empire Strikes Back,1
3289489736,Return of the Jedi,6
3289484757,The Phantom Menace,3
3289484757,Attack of the Clones,4
3289484757,Revenge of the Sith,5
3289484757,A New Hope,6
3289484757,The Empire Strikes Back,1
3289484757,Return of the Jedi,2
3289472648,The Phantom Menace,1
3289472648,Attack of the Clones,5
3289472648,Revenge of the Sith,2
3289472648,A New Hope,3
3289472648,The Empire Strikes Back,4
3289472648,Return of the Jedi,6
3289467778,The Phantom Menace,4
3289467778,Attack of the Clones,5
3289467778,Revenge of the Sith,6
3289467778,A New Hope,3
3289467778,The Empire Strikes Back,1
3289467778,Return of the Jedi,2
3289463066,The Phantom Menace,1
3289463066,Attack of the Clones,3
3289463066,Revenge of the Sith,2
3289463066,A New Hope,4
3289463066,The Empire Strikes Back,5
3289463066,Return of the Jedi,6
3289458608,The Phantom Menace,5
3289458608,Attack of the Clones,6
3289458608,Revenge of the Sith,4
3289458608,A New Hope,1
3289458608,The Empire Strikes Back,3
3289458608,Return of the Jedi,2
3289453110,The Phantom Menace,1
3289453110,Attack of the Clones,3
3289453110,Revenge of the Sith,2
3289453110,A New Hope,4
3289453110,The Empire Strikes Back,5
3289453110,Return of the Jedi,6
3289448435,The Phantom Menace,4
3289448435,Attack of the Clones,5
3289448435,Revenge of the Sith,6
3289448435,A New Hope,2
3289448435,The Empire Strikes Back,3
3289448435,Return of the Jedi,1
3289445841,The Phantom Menace,2
3289445841,Attack of the Clones,1
3289445841,Revenge of the Sith,3
3289445841,A New Hope,4
3289445841,The Empire Strikes Back,5
3289445841,Return of the Jedi,6
3289436437,The Phantom Menace,4
3289436437,Attack of the Clones,6
3289436437,Revenge of the Sith,5
3289436437,A New Hope,2
3289436437,The Empire Strikes Back,1
3289436437,Return of the Jedi,3
3289434297,The Phantom Menace,6
3289434297,Attack of the Clones,5
3289434297,Revenge of the Sith,4
3289434297,A New Hope,3
3289434297,The Empire Strikes Back,1
3289434297,Return of the Jedi,2
3289425578,The Phantom Menace,6
3289425578,Attack of the Clones,5
3289425578,Revenge of the Sith,2
3289425578,A New Hope,3
3289425578,The Empire Strikes Back,1
3289425578,Return of the Jedi,4
3289423303,The Phantom Menace,5
3289423303,Attack of the Clones,6
3289423303,Revenge of the Sith,4
3289423303,A New Hope,1
3289423303,The Empire Strikes Back,2
3289423303,Return of the Jedi,3
3289414959,The Phantom Menace,6
3289414959,Attack of the Clones,5
3289414959,Revenge of the Sith,4
3289414959,A New Hope,1
3289414959,The Empire Strikes Back,2
3289414959,Return of the Jedi,3
3289410507,The Phantom Menace,5
3289410507,Attack of the Clones,6
3289410507,Revenge of the Sith,4
3289410507,A New Hope,1
3289410507,The Empire Strikes Back,2
3289410507,Return of the Jedi,3
3289410455,The Phantom Menace,5
3289410455,Attack of the Clones,6
3289410455,Revenge of the Sith,4
3289410455,A New Hope,2
3289410455,The Empire Strikes Back,1
3289410455,Return of the Jedi,3
3289392497,The Phantom Menace,6
3289392497,Attack of the Clones,4
3289392497,Revenge of the Sith,5
3289392497,A New Hope,2
3289392497,The Empire Strikes Back,3
3289392497,Return of the Jedi,1
3289381739,The Phantom Menace,6
3289381739,Attack of the Clones,1
3289381739,Revenge of the Sith,2
3289381739,A New Hope,3
3289381739,The Empire Strikes Back,4
3289381739,Return of the Jedi,5
3289370623,The Phantom Menace,5
3289370623,Attack of the Clones,3
3289370623,Revenge of the Sith,6
3289370623,A New Hope,4
3289370623,The Empire Strikes Back,1
3289370623,Return of the Jedi,2
3289363684,The Phantom Menace,6
3289363684,Attack of the Clones,1
3289363684,Revenge of the Sith,3
3289363684,A New Hope,5
3289363684,The Empire Strikes Back,4
3289363684,Return of the Jedi,2
3289354975,The Phantom Menace,5
3289354975,Attack of the Clones,6
3289354975,Revenge of the Sith,4
3289354975,A New Hope,3
3289354975,The Empire Strikes Back,1
3289354975,Return of the Jedi,2
3289351950,The Phantom Menace,1
3289351950,Attack of the Clones,3
3289351950,Revenge of the Sith,5
3289351950,A New Hope,6
3289351950,The Empire Strikes Back,2
3289351950,Return of the Jedi,4
3289351379,The Phantom Menace,4
3289351379,Attack of the Clones,5
3289351379,Revenge of the Sith,6
3289351379,A New Hope,1
3289351379,The Empire Strikes Back,2
3289351379,Return of the Jedi,3
3289317542,The Phantom Menace,4
3289317542,Attack of the Clones,6
3289317542,Revenge of the Sith,5
3289317542,A New Hope,1
3289317542,The Empire Strikes Back,2
3289317542,Return of the Jedi,3
3289311086,The Phantom Menace,3
3289311086,Attack of the Clones,5
3289311086,Revenge of the Sith,2
3289311086,A New Hope,1
3289311086,The Empire Strikes Back,4
3289311086,Return of the Jedi,6
3289274314,The Phantom Menace,6
3289274314,Attack of the Clones,5
3289274314,Revenge of the Sith,4
3289274314,A New Hope,1
3289274314,The Empire Strikes Back,3
3289274314,Return of the Jedi,2
3289262699,The Phantom Menace,4
3289262699,Attack of the Clones,5
3289262699,Revenge of the Sith,6
3289262699,A New Hope,1
3289262699,The Empire Strikes Back,2
3289262699,Return of the Jedi,3
3289262511,The Phantom Menace,1
3289262511,Attack of the Clones,3
3289262511,Revenge of the Sith,2
3289262511,A New Hope,6
3289262511,The Empire Strikes Back,4
3289262511,Return of the Jedi,5
3289236782,The Phantom Menace,5
3289236782,Attack of the Clones,6
3289236782,Revenge of the Sith,2
3289236782,A New Hope,3
3289236782,The Empire Strikes Back,1
3289236782,Return of the Jedi,4
3289198607,The Phantom Menace,2
3289198607,Attack of the Clones,5
3289198607,Revenge of the Sith,6
3289198607,A New Hope,1
3289198607,The Empire Strikes Back,3
3289198607,Return of the Jedi,4
3289177383,The Phantom Menace,6
3289177383,Attack of the Clones,4
3289177383,Revenge of the Sith,5
3289177383,A New Hope,2
3289177383,The Empire Strikes Back,1
3289177383,Return of the Jedi,3
3289156917,The Phantom Menace,6
3289156917,Attack of the Clones,3
3289156917,Revenge of the Sith,5
3289156917,A New Hope,1
3289156917,The Empire Strikes Back,2
3289156917,Return of the Jedi,4
3289112999,The Phantom Menace,4
3289112999,Attack of the Clones,5
3289112999,Revenge of the Sith,6
3289112999,A New Hope,3
3289112999,The Empire Strikes Back,1
3289112999,Return of the Jedi,2
3289069642,The Phantom Menace,4
3289069642,Attack of the Clones,5
3289069642,Revenge of the Sith,6
3289069642,A New Hope,1
3289069642,The Empire Strikes Back,2
3289069642,Return of the Jedi,3
3289054324,The Phantom Menace,1
3289054324,Attack of the Clones,4
3289054324,Revenge of the Sith,5
3289054324,A New Hope,3
3289054324,The Empire Strikes Back,2
3289054324,Return of the Jedi,6
3288941294,The Phantom Menace,3
3288941294,Attack of the Clones,5
3288941294,Revenge of the Sith,4
3288941294,A New Hope,6
3288941294,The Empire Strikes Back,1
3288941294,Return of the Jedi,2
3288777560,The Phantom Menace,1
3288777560,Attack of the Clones,5
3288777560,Revenge of the Sith,4
3288777560,A New Hope,2
3288777560,The Empire Strikes Back,6
3288777560,Return of the Jedi,3
3288750443,The Phantom Menace,6
3288750443,Attack of the Clones,5
3288750443,Revenge of the Sith,4
3288750443,A New Hope,1
3288750443,The Empire Strikes Back,3
3288750443,Return of the Jedi,2
3288741236,The Phantom Menace,3
3288741236,Attack of the Clones,2
3288741236,Revenge of the Sith,1
3288741236,A New Hope,6
3288741236,The Empire Strikes Back,4
3288741236,Return of the Jedi,5
3288718743,The Phantom Menace,4
3288718743,Attack of the Clones,5
3288718743,Revenge of the Sith,6
3288718743,A New Hope,1
3288718743,The Empire Strikes Back,3
3288718743,Return of the Jedi,2
3288714827,The Phantom Menace,4
3288714827,Attack of the Clones,5
3288714827,Revenge of the Sith,6
3288714827,A New Hope,2
3288714827,The Empire Strikes Back,1
3288714827,Return of the Jedi,3
3288713570,The Phantom Menace,4
3288713570,Attack of the Clones,6
3288713570,Revenge of the Sith,5
3288713570,A New Hope,1
3288713570,The Empire Strikes Back,2
3288713570,Return of the Jedi,3
3288712832,The Phantom Menace,1
3288712832,Attack of the Clones,2
3288712832,Revenge of the Sith,3
3288712832,A New Hope,4
3288712832,The Empire Strikes Back,5
3288712832,Return of the Jedi,6
3288704807,The Phantom Menace,6
3288704807,Attack of the Clones,4
3288704807,Revenge of the Sith,3
3288704807,A New Hope,2
3288704807,The Empire Strikes Back,1
3288704807,Return of the Jedi,5
3288702291,The Phantom Menace,6
3288702291,Attack of the Clones,4
3288702291,Revenge of the Sith,5
3288702291,A New Hope,2
3288702291,The Empire Strikes Back,1
3288702291,Return of the Jedi,3
3288697760,The Phantom Menace,1
3288697760,Attack of the Clones,2
3288697760,Revenge of the Sith,3
3288697760,A New Hope,4
3288697760,The Empire Strikes Back,5
3288697760,Return of the Jedi,6
3288690295,The Phantom Menace,4
3288690295,Attack of the Clones,5
3288690295,Revenge of the Sith,6
3288690295,A New Hope,1
3288690295,The Empire Strikes Back,2
3288690295,Return of the Jedi,3
3288683105,The Phantom Menace,5
3288683105,Attack of the Clones,6
3288683105,Revenge of the Sith,2
3288683105,A New Hope,3
3288683105,The Empire Strikes Back,1
3288683105,Return of the Jedi,4
3288682656,The Phantom Menace,6
3288682656,Attack of the Clones,2
3288682656,Revenge of the Sith,3
3288682656,A New Hope,4
3288682656,The Empire Strikes Back,1
3288682656,Return of the Jedi,5
3288675923,The Phantom Menace,2
3288675923,Attack of the Clones,3
3288675923,Revenge of the Sith,4
3288675923,A New Hope,6
3288675923,The Empire Strikes Back,5
3288675923,Return of the Jedi,1
3288672409,The Phantom Menace,4
3288672409,Attack of the Clones,5
3288672409,Revenge of the Sith,6
3288672409,A New Hope,3
3288672409,The Empire Strikes Back,2
3288672409,Return of the Jedi,1
3288671359,The Phantom Menace,1
3288671359,Attack of the Clones,2
3288671359,Revenge of the Sith,3
3288671359,A New Hope,4
3288671359,The Empire Strikes Back,5
3288671359,Return of the Jedi,6
3288671328,The Phantom Menace,6
3288671328,Attack of the Clones,3
3288671328,Revenge of the Sith,2
3288671328,A New Hope,1
3288671328,The Empire Strikes Back,5
3288671328,Return of the Jedi,4
3288670345,The Phantom Menace,5
3288670345,Attack of the Clones,6
3288670345,Revenge of the Sith,4
3288670345,A New Hope,1
3288670345,The Empire Strikes Back,2
3288670345,Return of the Jedi,3
3288668791,The Phantom Menace,2
3288668791,Attack of the Clones,6
3288668791,Revenge of the Sith,5
3288668791,A New Hope,4
3288668791,The Empire Strikes Back,3
3288668791,Return of the Jedi,1
3288668176,The Phantom Menace,5
3288668176,Attack of the Clones,6
3288668176,Revenge of the Sith,3
3288668176,A New Hope,4
3288668176,The Empire Strikes Back,1
3288668176,Return of the Jedi,2
3288660175,The Phantom Menace,6
3288660175,Attack of the Clones,5
3288660175,Revenge of the Sith,4
3288660175,A New Hope,1
3288660175,The Empire Strikes Back,2
3288660175,Return of the Jedi,3
3288657113,The Phantom Menace,4
3288657113,Attack of the Clones,5
3288657113,Revenge of the Sith,6
3288657113,A New Hope,3
3288657113,The Empire Strikes Back,2
3288657113,Return of the Jedi,1
3288653149,The Phantom Menace,3
3288653149,Attack of the Clones,1
3288653149,Revenge of the Sith,2
3288653149,A New Hope,6
3288653149,The Empire Strikes Back,5
3288653149,Return of the Jedi,4
3288650455,The Phantom Menace,6
3288650455,Attack of the Clones,4
3288650455,Revenge of the Sith,5
3288650455,A New Hope,1
3288650455,The Empire Strikes Back,2
3288650455,Return of the Jedi,3
3288647913,The Phantom Menace,2
3288647913,Attack of the Clones,4
3288647913,Revenge of the Sith,5
3288647913,A New Hope,6
3288647913,The Empire Strikes Back,3
3288647913,Return of the Jedi,1
3288647623,The Phantom Menace,4
3288647623,Attack of the Clones,5
3288647623,Revenge of the Sith,6
3288647623,A New Hope,3
3288647623,The Empire Strikes Back,1
3288647623,Return of the Jedi,2
3288644592,The Phantom Menace,2
3288644592,Attack of the Clones,3
3288644592,Revenge of the Sith,4
3288644592,A New Hope,5
3288644592,The Empire Strikes Back,1
3288644592,Return of the Jedi,6
3288644163,The Phantom Menace,5
3288644163,Attack of the Clones,6
3288644163,Revenge of the Sith,1
3288644163,A New Hope,2
3288644163,The Empire Strikes Back,3
3288644163,Return of the Jedi,4
3288639377,The Phantom Menace,2
3288639377,Attack of the Clones,4
3288639377,Revenge of the Sith,3
3288639377,A New Hope,5
3288639377,The Empire Strikes Back,6
3288639377,Return of the Jedi,1
3288629979,The Phantom Menace,3
3288629979,Attack of the Clones,6
3288629979,Revenge of the Sith,5
3288629979,A New Hope,1
3288629979,The Empire Strikes Back,2
3288629979,Return of the Jedi,4
3288623870,The Phantom Menace,2
3288623870,Attack of the Clones,5
3288623870,Revenge of the Sith,6
3288623870,A New Hope,1
3288623870,The Empire Strikes Back,3
3288623870,Return of the Jedi,4
3288620198,The Phantom Menace,4
3288620198,Attack of the Clones,5
3288620198,Revenge of the Sith,6
3288620198,A New Hope,3
3288620198,The Empire Strikes Back,1
3288620198,Return of the Jedi,2
3288614539,The Phantom Menace,6
3288614539,Attack of the Clones,5
3288614539,Revenge of the Sith,4
3288614539,A New Hope,2
3288614539,The Empire Strikes Back,3
3288614539,Return of the Jedi,1
3288609566,The Phantom Menace,6
3288609566,Attack of the Clones,3
3288609566,Revenge of the Sith,1
3288609566,A New Hope,2
3288609566,The Empire Strikes Back,4
3288609566,Return of the Jedi,5
3288604946,The Phantom Menace,3
3288604946,Attack of the Clones,2
3288604946,Revenge of the Sith,1
3288604946,A New Hope,4
3288604946,The Empire Strikes Back,5
3288604946,Return of the Jedi,6
3288602883,The Phantom Menace,4
3288602883,Attack of the Clones,3
3288602883,Revenge of the Sith,5
3288602883,A New Hope,6
3288602883,The Empire Strikes Back,1
3288602883,Return of the Jedi,2
3288601847,The Phantom Menace,5
3288601847,Attack of the Clones,6
3288601847,Revenge of the Sith,3
3288601847,A New Hope,2
3288601847,The Empire Strikes Back,1
3288601847,Return of the Jedi,4
3288599799,The Phantom Menace,5
3288599799,Attack of the Clones,2
3288599799,Revenge of the Sith,3
3288599799,A New Hope,6
3288599799,The Empire Strikes Back,1
3288599799,Return of the Jedi,4
3288599067,The Phantom Menace,4
3288599067,Attack of the Clones,5
3288599067,Revenge of the Sith,6
3288599067,A New Hope,2
3288599067,The Empire Strikes Back,3
3288599067,Return of the Jedi,1
3288587373,The Phantom Menace,6
3288587373,Attack of the Clones,5
3288587373,Revenge of the Sith,4
3288587373,A New Hope,3
3288587373,The Empire Strikes Back,2
3288587373,Return of the Jedi,1
3288585053,The Phantom Menace,6
3288585053,Attack of the Clones,5
3288585053,Revenge of the Sith,4
3288585053,A New Hope,3
3288585053,The Empire Strikes Back,2
3288585053,Return of the Jedi,1
3288584578,The Phantom Menace,6
3288584578,Attack of the Clones,5
3288584578,Revenge of the Sith,4
3288584578,A New Hope,1
3288584578,The Empire Strikes Back,2
3288584578,Return of the Jedi,3
3288578072,The Phantom Menace,4
3288578072,Attack of the Clones,5
3288578072,Revenge of the Sith,6
3288578072,A New Hope,3
3288578072,The Empire Strikes Back,1
3288578072,Return of the Jedi,2
3288576462,The Phantom Menace,4
3288576462,Attack of the Clones,6
3288576462,Revenge of the Sith,5
3288576462,A New Hope,2
3288576462,The Empire Strikes Back,3
3288576462,Return of the Jedi,1
3288574703,The Phantom Menace,6
3288574703,Attack of the Clones,5
3288574703,Revenge of the Sith,4
3288574703,A New Hope,3
3288574703,The Empire Strikes Back,2
3288574703,Return of the Jedi,1
3288568534,The Phantom Menace,5
3288568534,Attack of the Clones,6
3288568534,Revenge of the Sith,4
3288568534,A New Hope,3
3288568534,The Empire Strikes Back,1
3288568534,Return of the Jedi,2
3288567154,The Phantom Menace,6
3288567154,Attack of the Clones,5
3288567154,Revenge of the Sith,4
3288567154,A New Hope,1
3288567154,The Empire Strikes Back,2
3288567154,Return of the Jedi,3
3288553903,The Phantom Menace,6
3288553903,Attack of the Clones,5
3288553903,Revenge of the Sith,4
3288553903,A New Hope,3
3288553903,The Empire Strikes Back,2
3288553903,Return of the Jedi,1
3288538248,The Phantom Menace,4
3288538248,Attack of the Clones,5
3288538248,Revenge of the Sith,6
3288538248,A New Hope,1
3288538248,The Empire Strikes Back,3
3288538248,Return of the Jedi,2
3288524042,The Phantom Menace,4
3288524042,Attack of the Clones,3
3288524042,Revenge of the Sith,5
3288524042,A New Hope,6
3288524042,The Empire Strikes Back,1
3288524042,Return of the Jedi,2
3288523874,The Phantom Menace,6
3288523874,Attack of the Clones,5
3288523874,Revenge of the Sith,4
3288523874,A New Hope,1
3288523874,The Empire Strikes Back,3
3288523874,Return of the Jedi,2
3288522488,The Phantom Menace,5
3288522488,Attack of the Clones,6
3288522488,Revenge of the Sith,4
3288522488,A New Hope,1
3288522488,The Empire Strikes Back,3
3288522488,Return of the Jedi,2
3288512665,The Phantom Menace,6
3288512665,Attack of the Clones,5
3288512665,Revenge of the Sith,4
3288512665,A New Hope,3
3288512665,The Empire Strikes Back,2
3288512665,Return of the Jedi,1
3288509415,The Phantom Menace,3
3288509415,Attack of the Clones,5
3288509415,Revenge of the Sith,4
3288509415,A New Hope,6
3288509415,The Empire Strikes Back,1
3288509415,Return of the Jedi,2
3288505925,The Phantom Menace,4
3288505925,Attack of the Clones,6
3288505925,Revenge of the Sith,5
3288505925,A New Hope,2
3288505925,The Empire Strikes Back,3
3288505925,Return of the Jedi,1
3288505737,The Phantom Menace,6
3288505737,Attack of the Clones,5
3288505737,Revenge of the Sith,3
3288505737,A New Hope,4
3288505737,The Empire Strikes Back,1
3288505737,Return of the Jedi,2
3288501301,The Phantom Menace,3
3288501301,Attack of the Clones,2
3288501301,Revenge of the Sith,1
3288501301,A New Hope,5
3288501301,The Empire Strikes Back,6
3288501301,Return of the Jedi,4
3288498715,The Phantom Menace,1
3288498715,Attack of the Clones,4
3288498715,Revenge of the Sith,5
3288498715,A New Hope,3
3288498715,The Empire Strikes Back,2
3288498715,Return of the Jedi,6
3288497228,The Phantom Menace,1
3288497228,Attack of the Clones,5
3288497228,Revenge of the Sith,6
3288497228,A New Hope,2
3288497228,The Empire Strikes Back,4
3288497228,Return of the Jedi,3
3288493077,The Phantom Menace,1
3288493077,Attack of the Clones,5
3288493077,Revenge of the Sith,3
3288493077,A New Hope,6
3288493077,The Empire Strikes Back,2
3288493077,Return of the Jedi,4
3288484535,The Phantom Menace,3
3288484535,Attack of the Clones,4
3288484535,Revenge of the Sith,5
3288484535,A New Hope,6
3288484535,The Empire Strikes Back,1
3288484535,Return of the Jedi,2
3288482717,The Phantom Menace,4
3288482717,Attack of the Clones,5
3288482717,Revenge of the Sith,6
3288482717,A New Hope,2
3288482717,The Empire Strikes Back,3
3288482717,Return of the Jedi,1
3288482581,The Phantom Menace,5
3288482581,Attack of the Clones,6
3288482581,Revenge of the Sith,4
3288482581,A New Hope,1
3288482581,The Empire Strikes Back,2
3288482581,Return of the Jedi,3
3288479368,The Phantom Menace,4
3288479368,Attack of the Clones,5
3288479368,Revenge of the Sith,6
3288479368,A New Hope,3
3288479368,The Empire Strikes Back,1
3288479368,Return of the Jedi,2
3288476971,The Phantom Menace,6
3288476971,Attack of the Clones,4
3288476971,Revenge of the Sith,5
3288476971,A New Hope,2
3288476971,The Empire Strikes Back,1
3288476971,Return of the Jedi,3
3288456946,The Phantom Menace,4
3288456946,Attack of the Clones,5
3288456946,Revenge of the Sith,6
3288456946,A New Hope,1
3288456946,The Empire Strikes Back,2
3288456946,Return of the Jedi,3
3288445926,The Phantom Menace,6
3288445926,Attack of the Clones,4
3288445926,Revenge of the Sith,5
3288445926,A New Hope,3
3288445926,The Empire Strikes Back,1
3288445926,Return of the Jedi,2
3288442728,The Phantom Menace,3
3288442728,Attack of the Clones,2
3288442728,Revenge of the Sith,1
3288442728,A New Hope,5
3288442728,The Empire Strikes Back,4
3288442728,Return of the Jedi,6
3288429451,The Phantom Menace,6
3288429451,Attack of the Clones,5
3288429451,Revenge of the Sith,4
3288429451,A New Hope,1
3288429451,The Empire Strikes Back,2
3288429451,Return of the Jedi,3
3288429092,The Phantom Menace,6
3288429092,Attack of the Clones,4
3288429092,Revenge of the Sith,5
3288429092,A New Hope,1
3288429092,The Empire Strikes Back,2
3288429092,Return of the Jedi,3
3288425859,The Phantom Menace,3
3288425859,Attack of the Clones,4
3288425859,Revenge of the Sith,5
3288425859,A New Hope,6
3288425859,The Empire Strikes Back,2
3288425859,Return of the Jedi,1
3288414025,The Phantom Menace,5
3288414025,Attack of the Clones,6
3288414025,Revenge of the Sith,4
3288414025,A New Hope,3
3288414025,The Empire Strikes Back,1
3288414025,Return of the Jedi,2
3288413441,The Phantom Menace,6
3288413441,Attack of the Clones,5
3288413441,Revenge of the Sith,1
3288413441,A New Hope,4
3288413441,The Empire Strikes Back,3
3288413441,Return of the Jedi,2
3288402643,The Phantom Menace,6
3288402643,Attack of the Clones,2
3288402643,Revenge of the Sith,1
3288402643,A New Hope,5
3288402643,The Empire Strikes Back,3
3288402643,Return of the Jedi,4
3288402511,The Phantom Menace,5
3288402511,Attack of the Clones,3
3288402511,Revenge of the Sith,6
3288402511,A New Hope,4
3288402511,The Empire Strikes Back,2
3288402511,Return of the Jedi,1
3288401136,The Phantom Menace,1
3288401136,Attack of the Clones,3
3288401136,Revenge of the Sith,4
3288401136,A New Hope,6
3288401136,The Empire Strikes Back,2
3288401136,Return of the Jedi,5
3288389603,The Phantom Menace,3
3288389603,Attack of the Clones,4
3288389603,Revenge of the Sith,5
3288389603,A New Hope,2
3288389603,The Empire Strikes Back,1
3288389603,Return of the Jedi,6
3288388730,The Phantom Menace,5
3288388730,Attack of the Clones,4
3288388730,Revenge of the Sith,6
3288388730,A New Hope,3
3288388730,The Empire Strikes Back,2
3288388730,Return of the Jedi,1
3288378779,The Phantom Menace,4
3288378779,Attack of the Clones,5
3288378779,Revenge of the Sith,6
3288378779,A New Hope,2
3288378779,The Empire Strikes Back,3
3288378779,Return of the Jedi,1
3288373068,The Phantom Menace,4
3288373068,Attack of the Clones,3
3288373068,Revenge of the Sith,6
3288373068,A New Hope,5
3288373068,The Empire Strikes Back,2
3288373068,Return of the Jedi,1
